paralog_gene,dep_gene,cell_line,delta_z,source
RPL22L1,RPL22,K562,4.014138113725612,nonsig
HYOU1,HSPA5,K562,2.097666979513159,nonsig
HNRNPUL2,HNRNPU,K562_essential,2.944456190033175,sig
SUMO3,SUMO2,K562_essential,2.03450525601591,nonsig
PSMA7,PSMA4,K562_essential,2.0591492770632747,nonsig
PSMA7,PSMA5,K562_essential,3.0804691432436946,nonsig
PSMA7,PSMA6,K562_essential,2.098716747613812,nonsig
HSPA13,HSPA5,K562_essential,3.1612556001733254,nonsig
HSPA13,HSPA9,K562_essential,3.1055870077203225,nonsig
SRSF6,SRSF7,K562_essential,2.480309195654176,nonsig
PSPC1,SFPQ,K562_essential,3.410425360767393,nonsig
SRSF5,SRSF7,K562_essential,2.1886863759419786,nonsig
PSMC4,PSMC1,K562_essential,4.189078654784179,nonsig
PSMC1,PSMC4,K562_essential,3.668862816896888,nonsig
PSMC2,PSMC1,K562_essential,2.2261409422087937,nonsig
PSMC1,PSMC2,K562_essential,3.8912513228325567,nonsig
PSMC3,PSMC1,K562_essential,2.990198504453132,nonsig
PSMC1,PSMC3,K562_essential,3.0930547686485967,nonsig
PSMC1,PSMC6,K562_essential,2.477614876833411,nonsig
PSMC5,PSMC1,K562_essential,2.3698310442439734,nonsig
PSMC1,PSMC5,K562_essential,3.430920359697791,nonsig
PSMB7,PSMB5,K562_essential,3.213403215907394,nonsig
YME1L1,AFG3L2,K562_essential,2.339526160238132,nonsig
PSMA4,PSMA3,K562_essential,2.2842903927635025,nonsig
MRPS9,RPS16,K562_essential,2.9505658282069573,nonsig
DDX50,DDX47,K562_essential,3.3896757493931973,nonsig
DDX50,DDX18,K562_essential,4.195506943317147,nonsig
EXOSC6,EXOSC5,K562_essential,3.53038098597301,nonsig
DDX19A,EIF4A3,K562_essential,3.2638548449356826,nonsig
TSPYL1,SET,K562_essential,2.6685022129634515,nonsig
HSPA5,HSPA9,K562_essential,2.987752902714553,nonsig
HYOU1,HSPA5,K562_essential,9.021996214804282,nonsig
HSPA5,HYOU1,K562_essential,2.7544712903183126,nonsig
HNRNPH3,HNRNPH1,K562_essential,5.1868233801583425,nonsig
SRSF9,SRSF1,K562_essential,2.885498373111317,nonsig
CCT4,TCP1,K562_essential,2.2426073140349376,nonsig
PSMA5,PSMA2,K562_essential,2.949562084728664,nonsig
PSMC5,PSMC2,K562_essential,2.3646618910304724,nonsig
PSMC2,PSMC5,K562_essential,2.876615013711479,nonsig
PSMC6,PSMC2,K562_essential,2.5956245174956156,nonsig
PSMC3,PSMC2,K562_essential,2.282753598218391,nonsig
PSMC4,PSMC2,K562_essential,3.5681162734212646,nonsig
PSMC3,PSMC4,K562_essential,3.1595505590490793,nonsig
PSMC4,PSMC3,K562_essential,3.460132207411743,nonsig
PSMC6,PSMC4,K562_essential,2.8772452583861186,nonsig
PSMC4,PSMC6,K562_essential,3.1665395159902343,nonsig
PSMC5,PSMC4,K562_essential,2.745583254861039,nonsig
PSMD1,PSMD2,K562_essential,4.856484319783753,nonsig
PSMD2,PSMD1,K562_essential,2.9008255255122353,nonsig
PSMB4,PSMB6,K562_essential,2.6041689775291395,nonsig
PSMB7,PSMB6,K562_essential,3.390345623992264,nonsig
HSPA1A,HSPA8,K562_essential,3.781446882538148,nonsig
TERF1,TERF2,K562_essential,2.313335238857656,nonsig
NOP56,NOP58,K562_essential,2.916831645285796,nonsig
RNF34,RFFL,K562_essential,2.458470221036413,nonsig
PPID,PPIE,K562_essential,2.1873148587984117,nonsig
PTBP2,PTBP1,K562_essential,5.688167607834682,nonsig
TNPO3,IPO13,K562_essential,2.057893936278794,nonsig
TRA2A,TRA2B,K562_essential,3.577242401364439,nonsig
CHD3,CHD4,K562_essential,2.3260203735356075,nonsig
PSMA4,PSMA6,K562_essential,2.90636928833235,nonsig
PSMB4,PSMB7,K562_essential,2.2865112982097577,nonsig
PSMB3,PSMB7,K562_essential,2.5679129207498232,nonsig
PSMB7,PSMB3,K562_essential,3.1232235341294405,nonsig
CNOT3,CNOT2,K562_essential,2.083369058338977,nonsig
CUL5,CUL2,K562_essential,2.120468738065913,nonsig
PSMA1,PSMA4,K562_essential,2.3221318816441463,nonsig
PSMA4,PSMA5,K562_essential,2.810823281175978,nonsig
PSMC3,PSMC5,K562_essential,4.107555758481452,nonsig
HMG20B,SMARCE1,K562_essential,2.585709313836393,nonsig
UBB,UBC,K562_essential,3.69885484247101,nonsig
DDX11,ERCC2,K562_essential,2.1219694706688235,nonsig
PAFAH1B1,WDR5,K562_essential,2.0694672692216796,nonsig
PSMC5,PSMC6,K562_essential,2.1267051287166296,nonsig
PSMC6,PSMC5,K562_essential,2.0558813324522807,nonsig
UBC,RPS27A,K562_essential,2.4856347762103783,nonsig
HSPA1B,HSPA8,K562_essential,2.619644745450612,nonsig
POLE4,NFYC,K562_essential,2.8863858091965353,nonsig
PSMC4,PSMC1,rpe1,2.627811633530431,nonsig
CHMP1B,CHMP2A,rpe1,2.7801430991882135,nonsig
HYOU1,HSPA5,rpe1,8.044167840050964,nonsig
HSPA5,HYOU1,rpe1,5.202050407149139,nonsig
EEF1A1,EIF2S3,rpe1,2.8972189633995113,nonsig
PSMC4,PSMC2,rpe1,2.5681674112709096,nonsig
PSMC4,PSMC6,rpe1,2.0022070040138296,nonsig
PSMC4,PSMC5,rpe1,2.5903627504737905,nonsig
PTBP2,PTBP1,rpe1,2.3251725184493877,nonsig
PSMC5,PSMC6,rpe1,2.0458467881254574,nonsig
SOX1,SOX2,melanoma,4.129007086157799,nonsig
KLHL33,KEAP1,melanoma,2.76663476228714,nonsig
ACTN3,ACTN4,melanoma,3.0928959995508194,nonsig
HOXA1,HOXA4,melanoma,2.0649523437023163,nonsig
UBE2I,UBE2F,melanoma,2.135802924633026,nonsig
CYP2W1,CYP2R1,melanoma,2.3356893062591553,nonsig
RAB31,RAB10,cd4t_rest,2.091365098953247,sig
DDX17,DDX5,cd4t_rest,3.464237794280052,sig
EIF1B,EIF1,cd4t_rest,4.2600358463823795,sig
TMSB4X,TMSB4Y,cd4t_rest,2.086704321205616,nonsig
NLGN4Y,CES2,cd4t_rest,2.6583404056727886,nonsig
NLGN4Y,NLGN3,cd4t_rest,3.4123215191066265,nonsig
SS18L2,SS18,cd4t_rest,2.5510578006505966,nonsig
SLC7A1,SLC7A11,cd4t_rest,3.1970674991607666,nonsig
SLC15A1,SLC15A2,cd4t_rest,2.2156134508550167,nonsig
DIS3L,DIS3,cd4t_rest,3.063265100121498,nonsig
MAPK4,MAPK6,cd4t_rest,5.325134160579182,nonsig
MAPK4,MAPK13,cd4t_rest,6.939159276545979,nonsig
SMAD2,SMAD3,cd4t_rest,2.0291983485221863,nonsig
PTPN2,PTPN6,cd4t_rest,2.1248503010720015,nonsig
CSNK1A1L,CSNK1G1,cd4t_rest,14.866006512194872,nonsig
RTN4IP1,CRYZL1,cd4t_rest,2.0701291412115097,nonsig
VAT1L,CRYZL1,cd4t_rest,11.851157523691654,nonsig
SLC39A8,SLC39A6,cd4t_rest,2.713601753115654,nonsig
XRN1,XRN2,cd4t_rest,3.960523560643196,nonsig
SNRPA,SNRPB2,cd4t_rest,2.373442478477955,nonsig
SUMO3,SUMO2,cd4t_rest,4.712293907999992,nonsig
NPAS1,SIM2,cd4t_rest,2.524614818394184,nonsig
SLC23A3,SLC23A2,cd4t_rest,2.164676032960415,nonsig
DHX30,DHX35,cd4t_rest,4.2853884026408195,nonsig
DHX37,DHX35,cd4t_rest,3.0276182740926743,nonsig
DHX57,DHX35,cd4t_rest,2.1818854734301567,nonsig
DHX32,DHX35,cd4t_rest,2.341883464716375,nonsig
DHX36,DHX35,cd4t_rest,3.530152972787618,nonsig
DYRK1B,DYRK1A,cd4t_rest,2.607194259762764,nonsig
HNRNPC,RALY,cd4t_rest,2.4033473134040833,nonsig
ATP8A2,ATP11B,cd4t_rest,4.353137351572514,nonsig
ATP8A2,ATP8B2,cd4t_rest,2.3915141597390175,nonsig
ATP8A2,ATP9B,cd4t_rest,2.0488530173897743,nonsig
ZIC2,ZIC5,cd4t_rest,3.4715997837483883,nonsig
STYX,DUSP28,cd4t_rest,6.817244231700897,nonsig
NBEA,LRBA,cd4t_rest,3.471078958362341,nonsig
PPP6R1,PPP6R2,cd4t_rest,2.3679745569825172,nonsig
SIX2,SIX6,cd4t_rest,4.373042738065124,nonsig
SYTL5,SYTL1,cd4t_rest,7.440889749675989,nonsig
HPN,TMPRSS3,cd4t_rest,2.169926282018423,nonsig
SRSF4,SRSF6,cd4t_rest,2.3002661168575287,nonsig
TFDP2,TFDP1,cd4t_rest,2.319563732482493,nonsig
ATP8B3,ATP8B1,cd4t_rest,2.4045504480600357,nonsig
PSPC1,NONO,cd4t_rest,5.281409829854965,nonsig
TMPRSS5,TMPRSS6,cd4t_rest,2.5782383903861046,nonsig
MTMR8,MTMR2,cd4t_rest,2.5698501132428646,nonsig
MTMR3,MTMR2,cd4t_rest,3.1021459102630615,nonsig
DSC3,DSC2,cd4t_rest,6.8256778083741665,nonsig
DOCK6,DOCK9,cd4t_rest,3.0732116103172302,nonsig
HSPH1,HSPA8,cd4t_rest,3.9141359627246857,nonsig
SLC16A2,SLC16A7,cd4t_rest,2.4884192087920383,nonsig
SLC16A2,SLC16A5,cd4t_rest,2.884977970388718,nonsig
MX2,DNM3,cd4t_rest,2.1676495745778084,nonsig
KLF8,KLF3,cd4t_rest,2.659897744655609,nonsig
KLF17,KLF8,cd4t_rest,11.634582336060705,nonsig
DMRT1,DMRTA1,cd4t_rest,3.502983905375004,nonsig
MBNL1,MBNL2,cd4t_rest,2.219589166343212,nonsig
KIF19,KIF5B,cd4t_rest,2.069035589694977,nonsig
PSMC1,PSMC5,cd4t_rest,4.073183357715607,nonsig
CCAR2,CCAR1,cd4t_rest,4.291078843176365,nonsig
APOBEC3D,APOBEC3G,cd4t_rest,2.2299620285630226,nonsig
COL1A1,COL6A1,cd4t_rest,3.195008233189583,nonsig
COL6A1,COL1A1,cd4t_rest,5.512030214071274,nonsig
MEOX1,MEOX2,cd4t_rest,2.238638311624527,nonsig
CTSV,CTSZ,cd4t_rest,2.023061603307724,nonsig
MCF2L,MCF2L2,cd4t_rest,2.1057883985340595,nonsig
ABCA7,ABCA3,cd4t_rest,2.331643559038639,nonsig
NSMCE3,MAGEE1,cd4t_rest,2.671549491584301,nonsig
GNAO1,GNAQ,cd4t_rest,2.07179506868124,nonsig
PDGFRA,FLT1,cd4t_rest,3.3849716410040855,nonsig
FRMD5,EPB41L3,cd4t_rest,2.342322487384081,nonsig
SLIT2,SLIT3,cd4t_rest,6.816588983871043,nonsig
DESI2,DESI1,cd4t_rest,2.2985004782676697,nonsig
MAFB,MAF,cd4t_rest,4.924009263515472,nonsig
SEMA5B,SEMA5A,cd4t_rest,3.043592542409897,nonsig
RGS11,RGS9,cd4t_rest,7.627885149791837,nonsig
CDC34,UBE2C,cd4t_rest,2.2903369071427733,nonsig
UBE2A,UBE2C,cd4t_rest,2.017268016934395,nonsig
TMEM145,GPR180,cd4t_rest,2.5300317145884037,nonsig
SOX10,SOX21,cd4t_rest,10.355306543409824,nonsig
TWIST1,TCF24,cd4t_rest,4.6993593499064445,nonsig
CD207,CLEC4E,cd4t_rest,3.5984954279847443,nonsig
SP1,SP4,cd4t_rest,4.197161879390478,nonsig
SP4,SP1,cd4t_rest,4.173508547246456,nonsig
HS3ST2,NDST1,cd4t_rest,3.293043438345194,nonsig
TNRC6C,TNRC6A,cd4t_rest,2.272978574037552,nonsig
UCHL3,UCHL5,cd4t_rest,3.400175519287586,nonsig
RHOBTB1,RHOU,cd4t_rest,2.4101742580533028,nonsig
RHOBTB1,RHOG,cd4t_rest,2.7357209995388985,nonsig
APOBEC1,APOBEC3A,cd4t_rest,6.017887924332172,nonsig
KLRD1,CLEC7A,cd4t_rest,3.673835009336472,nonsig
CLEC7A,KLRF1,cd4t_rest,7.105074064806104,nonsig
KLRG1,CLEC7A,cd4t_rest,4.533416271209717,nonsig
SMAD7,SMAD4,cd4t_rest,4.43538961187005,nonsig
SMAD7,SMAD3,cd4t_rest,2.506874892860651,nonsig
EMB,NPTN,cd4t_rest,2.5861410722136497,nonsig
STOML2,STOM,cd4t_rest,2.17474964261055,nonsig
HNF4G,RXRA,cd4t_rest,2.599902592599392,nonsig
RUNX1,RUNX3,cd4t_rest,2.4742661137133837,nonsig
TMED9,TMED10,cd4t_rest,2.354080729186535,nonsig
MORF4L2,MSL3,cd4t_rest,2.269731156527996,nonsig
TGFB2,BMP6,cd4t_rest,4.3272039368748665,nonsig
FOXE1,FOXQ1,cd4t_rest,2.222816828638315,nonsig
IAPP,CALCB,cd4t_rest,12.920201562345028,nonsig
PPA2,PPA1,cd4t_rest,2.4177970439195633,nonsig
CAMK4,MKNK1,cd4t_rest,2.4830114990472794,nonsig
ID4,ID1,cd4t_rest,4.5532354498282075,nonsig
OSGEPL1,OSGEP,cd4t_rest,2.800141453742981,nonsig
GMEB1,GMEB2,cd4t_rest,3.862811522558331,nonsig
GMEB2,GMEB1,cd4t_rest,5.383935183286667,nonsig
GSTT2B,GSTZ1,cd4t_rest,2.5507389158010483,nonsig
ARHGEF40,PLEKHG4,cd4t_rest,9.230226058978587,nonsig
CPE,CPXM1,cd4t_rest,3.0475331842899323,nonsig
BHLHA9,TCF15,cd4t_rest,8.483055133372545,nonsig
SAFB2,SAFB,cd4t_rest,4.746141822077334,nonsig
CA13,CA10,cd4t_rest,2.24744713306427,nonsig
ZFHX3,ZFHX2,cd4t_rest,2.2481160648167133,nonsig
ZHX2,ZHX3,cd4t_rest,3.318961475044489,nonsig
CLCN4,CLCN6,cd4t_rest,3.1480478793382645,nonsig
PRKCA,PRKCE,cd4t_rest,2.4505784809589386,nonsig
CMTM6,CMTM7,cd4t_rest,2.3659402579069138,nonsig
TBC1D10A,TBC1D10B,cd4t_rest,2.585657462477684,nonsig
RAX,ALX1,cd4t_rest,2.6019313111901283,nonsig
TIGD7,TIGD6,cd4t_rest,2.108646262437105,nonsig
PDE1A,PDE3B,cd4t_rest,2.8161224499344826,nonsig
GZF1,ZNF530,cd4t_rest,2.3051133141852915,nonsig
ME1,ME3,cd4t_rest,3.662423551082611,nonsig
DERL2,DERL3,cd4t_rest,2.077566185966134,nonsig
EEF1G,CLIC1,cd4t_rest,2.3129740613512695,nonsig
PDE6A,PDE6C,cd4t_rest,6.082082065753639,nonsig
PDE10A,PDE6C,cd4t_rest,3.1499243266880512,nonsig
FEM1C,FEM1B,cd4t_rest,2.0014892797917128,nonsig
TRAF1,TRAF3,cd4t_rest,2.614157998934388,nonsig
HSPA1L,HSPA14,cd4t_rest,2.577857732772827,nonsig
GLIS2,GLIS1,cd4t_rest,2.3445954471826553,nonsig
GSC2,MIXL1,cd4t_rest,3.4365502670407295,nonsig
CTNNA3,CTNNA1,cd4t_rest,2.1895575374364853,nonsig
DUSP5,STYXL1,cd4t_rest,2.2410469129681587,nonsig
SLC7A5,SLC7A11,cd4t_rest,2.793954387307167,nonsig
STX7,STX16,cd4t_rest,3.22869124263525,nonsig
JAK2,LCK,cd4t_rest,2.6552864480763674,nonsig
LPIN2,LPIN1,cd4t_rest,2.5153844580054283,nonsig
TSSK3,TSSK4,cd4t_rest,2.0911175049841404,nonsig
SOX15,SOX2,cd4t_rest,2.757535383105278,nonsig
HACE1,NEDD4,cd4t_rest,2.049510093405843,nonsig
SERPINB10,HMSD,cd4t_rest,21.0380327552557,nonsig
NPBWR1,LTB4R2,cd4t_rest,6.7675806209445,nonsig
YIPF7,YIPF5,cd4t_rest,2.8411932326853275,nonsig
FEZ1,FEZ2,cd4t_rest,2.01810697093606,nonsig
STX1B,STX2,cd4t_rest,2.494733776897192,nonsig
STX1B,STX11,cd4t_rest,2.267640557140112,nonsig
FUT3,FUT7,cd4t_rest,3.4674551067873836,nonsig
HS3ST6,NDST2,cd4t_rest,11.47373141720891,nonsig
DNAJB9,DNAJB11,cd4t_rest,3.463395968079567,nonsig
LIN28B,YBX3,cd4t_rest,2.9298857748508453,nonsig
LIN28B,YBX2,cd4t_rest,2.626000553369522,nonsig
KDM2B,KDM2A,cd4t_rest,2.2624875642359257,nonsig
HSF2,HSF1,cd4t_rest,3.133364200592041,nonsig
TBX18,TBR1,cd4t_rest,6.336697719991207,nonsig
SGK2,MAST2,cd4t_rest,2.2228929549455643,nonsig
HDAC2,HDAC1,cd4t_rest,2.420962579548359,nonsig
PMPCA,UQCRC2,cd4t_rest,2.200178489089012,nonsig
UQCRC2,UQCRC1,cd4t_rest,3.0823217928409576,nonsig
RC3H2,RC3H1,cd4t_rest,3.169773429632187,nonsig
BCLAF1,THRAP3,cd4t_rest,3.600324001163244,nonsig
PRSS22,TMPRSS5,cd4t_rest,15.749417908489704,nonsig
DLX3,DLX1,cd4t_rest,6.133956145495176,nonsig
NR1H4,RORB,cd4t_rest,6.220427546300925,nonsig
FNIP1,FNIP2,cd4t_rest,2.2191284680739045,nonsig
AP3M1,AP4M1,cd4t_rest,2.1525766598060727,nonsig
PPP1CB,PPP4C,cd4t_rest,2.267739267554134,nonsig
ING3,ING2,cd4t_rest,2.8559960052371025,nonsig
APOL6,APOL2,cd4t_rest,3.7987603321671486,nonsig
PITX2,ARX,cd4t_rest,3.014676570892334,nonsig
RNF149,RNF130,cd4t_rest,2.5675626546144485,nonsig
GSC,PHOX2A,cd4t_rest,2.098637320101261,nonsig
DNAH6,DYNC2H1,cd4t_rest,3.064156949520111,nonsig
DDX50,EIF4A2,cd4t_rest,2.7726124487817287,nonsig
CHRNA10,CHRNB1,cd4t_rest,2.0066935420036316,nonsig
CHRNB3,CHRNB1,cd4t_rest,34.168170142918825,nonsig
ALDH1A3,ALDH7A1,cd4t_rest,2.819197939708829,nonsig
WNT1,WNT16,cd4t_rest,3.2384013049304485,nonsig
HES7,HEY1,cd4t_rest,4.495849567931145,nonsig
VTI1A,VTI1B,cd4t_rest,2.533127333968878,nonsig
PAX9,PAX1,cd4t_rest,2.4381898418068886,nonsig
PDIA5,P4HB,cd4t_rest,2.9194296151399612,nonsig
KCNAB1,AKR1B1,cd4t_rest,3.883448749780655,nonsig
TRIM28,TRIM24,cd4t_rest,2.9727542400360107,nonsig
PIK3R6,PIK3R5,cd4t_rest,3.348741888999939,nonsig
KISS1R,OPRM1,cd4t_rest,2.0790700502693653,nonsig
SGMS2,SGMS1,cd4t_rest,2.0630817860364914,nonsig
LAMC3,LAMB1,cd4t_rest,2.3189353570342064,nonsig
UCK2,UCK1,cd4t_rest,2.086117535829544,nonsig
GIPR,VIPR2,cd4t_rest,2.2737090066075325,nonsig
UBA3,UBA2,cd4t_rest,2.647881019162014,nonsig
CALML6,CABP5,cd4t_rest,2.3031448796391487,nonsig
CHAT,CPT1A,cd4t_rest,3.667973261326551,nonsig
SUDS3,BRMS1,cd4t_rest,2.2797364182770252,nonsig
SNTB2,SNTA1,cd4t_rest,3.1208901181817055,nonsig
DDX19B,DDX1,cd4t_rest,2.8560692014871165,nonsig
SLC17A3,SLC17A5,cd4t_rest,2.2569334134459496,nonsig
LRP4,LRP1,cd4t_rest,3.2431987449526787,nonsig
PPIH,PPIL4,cd4t_rest,3.400858573615551,nonsig
PPIAL4G,PPIL4,cd4t_rest,2.862744376063347,nonsig
TIA1,TIAL1,cd4t_rest,2.360776513814926,nonsig
TRNAU1AP,TIAL1,cd4t_rest,4.064263314008713,nonsig
TIGD5,TIGD6,cd4t_rest,2.1653831601142883,nonsig
TIGD2,TIGD6,cd4t_rest,2.4297032430768013,nonsig
DDX19A,DDX1,cd4t_rest,2.3421688824892044,nonsig
CSF1R,KIT,cd4t_rest,3.6902840360999103,nonsig
SLC16A9,SLC16A1,cd4t_rest,4.0407774448394775,nonsig
ADCY3,ADCY4,cd4t_rest,2.267359510064125,nonsig
RFPL4A,RFPL2,cd4t_rest,3.4763633236289024,nonsig
MAP1LC3A,GABARAP,cd4t_rest,2.4884063154459,nonsig
MTF2,PHF19,cd4t_rest,2.8293951377272606,nonsig
UBE2R2,UBE2H,cd4t_rest,2.8310017324984074,nonsig
GPR87,PTAFR,cd4t_rest,3.369706340134144,nonsig
P2RY14,PTAFR,cd4t_rest,2.4271491169929504,nonsig
AARS1,AARS2,cd4t_rest,3.650349583476782,nonsig
TPPP3,TPPP,cd4t_rest,3.3005341589450836,nonsig
MAP4K5,MAP4K2,cd4t_rest,2.0242701582610607,nonsig
TBL1XR1,TBL1X,cd4t_rest,2.6486222594976425,nonsig
TBL1X,TBL1XR1,cd4t_rest,6.399390663602389,nonsig
ADAM30,ADAM23,cd4t_rest,2.885337235406041,nonsig
CDC42BPG,CIT,cd4t_rest,2.4854636639356613,nonsig
RGS17,RGS3,cd4t_rest,2.9577773362398148,nonsig
ACSL3,ACSL6,cd4t_rest,4.443411238491535,nonsig
GSTM3,GSTA4,cd4t_rest,2.14609694480896,nonsig
RRAGD,RRAGA,cd4t_rest,2.49185823649168,nonsig
RRAGD,RRAGC,cd4t_rest,2.588050596415997,nonsig
INHBB,BMP8B,cd4t_rest,2.8982135485857725,nonsig
PAX6,PAX1,cd4t_rest,8.241665764711797,nonsig
ZNF385C,ZNF385B,cd4t_rest,3.155499152839184,nonsig
DDX28,DDX39A,cd4t_rest,2.9825030732899904,nonsig
STAC2,STAC3,cd4t_rest,6.8626511469483376,nonsig
ACSL3,ACSL4,cd4t_rest,2.0407959297299385,nonsig
TSPYL1,TSPYL5,cd4t_rest,2.29718616604805,nonsig
TSPYL1,SET,cd4t_rest,2.387255698442459,nonsig
SIM1,HIF1A,cd4t_rest,2.583193227648735,nonsig
CALM3,CALM2,cd4t_rest,2.203516587615013,nonsig
CALM3,CALM1,cd4t_rest,2.706777438521385,nonsig
RLF,ZNF292,cd4t_rest,2.6675997897982597,nonsig
CSNK1E,CSNK1D,cd4t_rest,2.104541739448905,nonsig
TFAP2D,TFAP2E,cd4t_rest,2.16255584359169,nonsig
UBE2QL1,UBE2D3,cd4t_rest,2.8362093418836594,nonsig
EXOSC7,EXOSC9,cd4t_rest,2.5663645565509796,nonsig
TPD52L2,TPD52L1,cd4t_rest,2.151605010032654,nonsig
ARHGAP44,SH3BP1,cd4t_rest,2.4393343031406403,nonsig
SIGLEC11,CD33,cd4t_rest,2.0616578049957752,nonsig
PPEF2,PPP6C,cd4t_rest,2.1558150090277195,nonsig
ACO1,IREB2,cd4t_rest,2.7039341181516647,nonsig
HNRNPH3,HNRNPH1,cd4t_rest,3.5817486345767975,nonsig
FOXD4,FOXE3,cd4t_rest,4.180238340049982,nonsig
FOXE1,FOXD4,cd4t_rest,4.37181556597352,nonsig
USP51,USP27X,cd4t_rest,2.9271028265357018,nonsig
TMPRSS4,KLK1,cd4t_rest,2.172760397195816,nonsig
TSPAN31,TSPAN9,cd4t_rest,4.061650399118662,nonsig
HIPK4,HIPK1,cd4t_rest,5.939265713095665,nonsig
MAK,MAPK14,cd4t_rest,2.3243095725774765,nonsig
ARHGAP23,ARHGAP21,cd4t_rest,2.08912356197834,nonsig
DYNLL2,DYNLL1,cd4t_rest,4.03593085706234,nonsig
EDEM2,EDEM1,cd4t_rest,2.1061659809201956,nonsig
PITPNM2,PITPNB,cd4t_rest,2.07447212934494,nonsig
MAP2K3,PAK1,cd4t_rest,2.953981876373291,nonsig
GK3,GK5,cd4t_rest,2.669086828827858,nonsig
FAXDC2,MSMO1,cd4t_rest,5.804470881819725,nonsig
CETN2,CABP4,cd4t_rest,2.7200428768992424,nonsig
METTL8,METTL2B,cd4t_rest,3.180491060018539,nonsig
FUS,EWSR1,cd4t_rest,2.570337250828743,nonsig
COX6B2,COX6B1,cd4t_rest,4.043770052492619,nonsig
ISOC1,ISOC2,cd4t_rest,2.2561077158898115,nonsig
SEMA4D,SEMA4F,cd4t_rest,2.3324927650392056,nonsig
AKR1C2,KCNAB3,cd4t_rest,2.3295516688376665,nonsig
NFE2,NFE2L3,cd4t_rest,2.2433015555143356,nonsig
LRRC26,LRG1,cd4t_rest,2.0633993297815323,nonsig
CXCR2,GALR2,cd4t_rest,3.0475767500465736,nonsig
PSMC2,PSMC5,cd4t_rest,2.001500427722931,nonsig
EGR2,EGR3,cd4t_rest,2.4167787432670593,nonsig
OTX2,MIXL1,cd4t_rest,7.002386666834354,nonsig
PGAM2,PGAM1,cd4t_rest,5.175781764090061,nonsig
MIER3,MIER1,cd4t_rest,2.4311436363495886,nonsig
FKBP11,FKBP4,cd4t_rest,2.087115004658699,nonsig
CYP2S1,CYP2D6,cd4t_rest,3.157387227285654,nonsig
TBX6,TBX21,cd4t_rest,2.180268719792366,nonsig
CELF1,CELF2,cd4t_rest,2.4217491149902344,nonsig
SLC17A7,SLC17A3,cd4t_rest,2.646290563046932,nonsig
DDX46,DDX5,cd4t_rest,2.3418610766530037,nonsig
SMURF2,HUWE1,cd4t_rest,2.161235824227333,nonsig
STX2,STX16,cd4t_rest,2.225589293986559,nonsig
STX12,STX16,cd4t_rest,2.201312261633575,nonsig
SCN4B,MPZL2,cd4t_rest,2.462208635173738,nonsig
AADACL4,NCEH1,cd4t_rest,13.788177371956408,nonsig
PCGF1,BMI1,cd4t_rest,2.7527080103754997,nonsig
ST6GALNAC3,ST6GALNAC6,cd4t_rest,3.1420729905366898,nonsig
GIGYF1,GIGYF2,cd4t_rest,2.102147653698921,nonsig
FKBP4,FKBP2,cd4t_rest,3.8604324758052826,nonsig
FKBP3,FKBP2,cd4t_rest,4.2639007568359375,nonsig
G3BP2,G3BP1,cd4t_rest,2.4183395630680025,nonsig
PPEF1,PPP1CB,cd4t_rest,2.650723922997713,nonsig
PPEF1,PPP1CA,cd4t_rest,2.948516834527254,nonsig
IARS1,IARS2,cd4t_rest,7.295486845076084,nonsig
TGM2,EPB42,cd4t_rest,2.3801468424499035,nonsig
CYP2J2,CYP2D6,cd4t_rest,2.0202240496873856,nonsig
SDR16C5,HSD17B13,cd4t_rest,10.740000769495964,nonsig
SDR16C5,HSD17B11,cd4t_rest,2.671505019068718,nonsig
HSD17B6,HSD17B11,cd4t_rest,2.17019447684288,nonsig
SMARCA1,SMARCA4,cd4t_rest,13.11917034164071,nonsig
SMARCA1,CHD1L,cd4t_rest,3.5438078977167606,nonsig
SMARCA1,HELLS,cd4t_rest,6.0946146585047245,nonsig
MC1R,LPAR2,cd4t_rest,2.045811876654625,nonsig
LPAR1,MC1R,cd4t_rest,3.2921976894140244,nonsig
ST7,ST7L,cd4t_rest,2.0893592685461044,nonsig
MRGPRF,MRGPRD,cd4t_rest,5.045367736369371,nonsig
RFX3,RFX1,cd4t_rest,3.897931721061468,nonsig
ING5,ING4,cd4t_rest,2.0088409911841154,nonsig
CA3,CA11,cd4t_rest,3.645066058263182,nonsig
PCGF2,PCGF1,cd4t_rest,6.9727077186107635,nonsig
B3GNT7,B3GNT9,cd4t_rest,4.317006375640631,nonsig
B3GNT3,B3GNT9,cd4t_rest,6.455274732783437,nonsig
HSPA1L,HSPA8,cd4t_rest,2.215568780899048,nonsig
HSPA1A,HSPA8,cd4t_rest,7.450057432055473,nonsig
HDAC5,HDAC7,cd4t_rest,3.6644992381334305,nonsig
POU4F3,POU5F1B,cd4t_rest,2.422665297985077,nonsig
ELMO3,ELMO1,cd4t_rest,2.581638321280479,nonsig
CNN1,TAGLN2,cd4t_rest,4.807334719225764,nonsig
SRGAP1,SRGAP2C,cd4t_rest,9.570326328277588,nonsig
CPEB1,CPEB2,cd4t_rest,2.0194013910368085,nonsig
GABPB2,GABPB1,cd4t_rest,5.098812624812126,nonsig
AZGP1,FCGRT,cd4t_rest,8.10159383714199,nonsig
CKS1B,NIP7,cd4t_rest,2.6478651463985443,nonsig
FAM83F,FAM83G,cd4t_rest,2.239308848977089,nonsig
DDX3X,DDX55,cd4t_rest,2.6764988154172897,nonsig
EIF4A2,DDX55,cd4t_rest,2.183274559676647,nonsig
DDX55,EIF4A2,cd4t_rest,2.745850995182991,nonsig
CNNM1,CNNM4,cd4t_rest,2.617742143571377,nonsig
CA3,CA9,cd4t_rest,3.677660262212157,nonsig
PPM1K,ILKAP,cd4t_rest,2.105963855981827,nonsig
ZC3HAV1L,ZC3HAV1,cd4t_rest,5.274847395718098,nonsig
MLXIP,MLX,cd4t_rest,2.6116628851741552,nonsig
CANX,CALR,cd4t_rest,3.6355933845043182,nonsig
IRF3,IRF6,cd4t_rest,2.288648009300232,nonsig
ARSI,SGSH,cd4t_rest,2.537240758538246,nonsig
ZNF689,ZNF688,cd4t_rest,2.1646262779831886,nonsig
CHST12,CHST14,cd4t_rest,2.0575133621459827,nonsig
MAP3K15,MAP3K5,cd4t_rest,6.3147485591471195,nonsig
SH3GLB1,SH3GL1,cd4t_rest,2.3877449482679367,nonsig
RGPD4,RANBP2,cd4t_rest,2.045647395774722,nonsig
YPEL4,YPEL2,cd4t_rest,2.6629716977477074,nonsig
EPHB6,EPHA1,cd4t_rest,2.4335378110408783,nonsig
BRD1,BRPF3,cd4t_rest,2.502186708152294,nonsig
LMO1,LHX2,cd4t_rest,2.477651372551918,nonsig
KLF13,KLF16,cd4t_rest,2.5926745012402534,nonsig
WNT11,WNT10A,cd4t_rest,4.139556877315044,nonsig
CSNK1G2,VRK1,cd4t_rest,2.3533606976270676,nonsig
PDIA3,P4HB,cd4t_rest,3.962296575307846,nonsig
ABCB9,ABCB6,cd4t_rest,2.834788873791694,nonsig
MPP3,CASK,cd4t_rest,17.785209589637816,nonsig
RORB,PPARA,cd4t_rest,2.604032836854458,nonsig
SLFN11,SLFN5,cd4t_rest,2.4009719118475914,nonsig
LHX9,LHX6,cd4t_rest,3.402589827775955,nonsig
AKIRIN1,AKIRIN2,cd4t_rest,2.212086085230112,nonsig
GLI2,ZIC4,cd4t_rest,2.6319961175322533,nonsig
DHX9,DHX33,cd4t_rest,2.1494981944561005,nonsig
PLK2,PLK4,cd4t_rest,2.004999840632081,nonsig
PTBP2,PTBP1,cd4t_rest,14.286213552579284,nonsig
RGS13,RGS18,cd4t_rest,2.240146353840828,nonsig
HIP1R,HIP1,cd4t_rest,2.130461923778057,nonsig
TGFBR1,ACVR1B,cd4t_rest,2.0203442075289786,nonsig
ZNF791,ZNF799,cd4t_rest,2.364412277936935,nonsig
ENTPD4,ENTPD6,cd4t_rest,2.0763642117381096,nonsig
AMZ1,AMZ2,cd4t_rest,2.7119316160678864,nonsig
HOXA1,HOXD4,cd4t_rest,3.008352003991604,nonsig
STAT5A,STAT3,cd4t_rest,3.153675380628556,nonsig
CXCL2,CXCL11,cd4t_rest,2.453470498323441,nonsig
CXCL2,CXCL13,cd4t_rest,2.9558456242084503,nonsig
TNPO2,TNPO1,cd4t_rest,4.986297622323036,nonsig
TULP1,TULP2,cd4t_rest,6.597891817102209,nonsig
CXCL5,CXCL10,cd4t_rest,7.748710719868541,nonsig
RFX2,RFX1,cd4t_rest,4.81571538746357,nonsig
ASF1A,ASF1B,cd4t_rest,2.8630198687314987,nonsig
SP3,SP1,cd4t_rest,2.9591412097215652,nonsig
TXLNA,TXLNG,cd4t_rest,2.171500764787197,nonsig
CHD5,CHD4,cd4t_rest,7.351309210062027,nonsig
CHD2,CHD4,cd4t_rest,2.0891340225934982,nonsig
SH3BP5L,SH3BP5,cd4t_rest,3.4323909766972065,nonsig
ZC3H12A,ZC3H12C,cd4t_rest,2.03352902084589,nonsig
BRPF1,BRD1,cd4t_rest,2.33095508441329,nonsig
KPNA4,KPNA6,cd4t_rest,3.1623737160116434,nonsig
PSMB7,PSMB8,cd4t_rest,2.0859237611293793,nonsig
PSMB10,PSMB7,cd4t_rest,2.088247202336788,nonsig
MDH2,LDHA,cd4t_rest,2.641660064458847,nonsig
WNT5A,WNT1,cd4t_rest,2.722724873572588,nonsig
ZNF497,ZNF574,cd4t_rest,2.7937943562865257,nonsig
ZNF184,ZNF574,cd4t_rest,3.834460365585983,nonsig
SLAMF9,CD84,cd4t_rest,5.756977029144764,nonsig
FGFR2,KIT,cd4t_rest,4.317040726542473,nonsig
EFNA1,EFNA4,cd4t_rest,2.4333748146891594,nonsig
SP8,KLF13,cd4t_rest,2.0236137583851814,nonsig
IL1RL2,IL1RL1,cd4t_rest,3.634517009602859,nonsig
CREM,CREB1,cd4t_rest,3.01700995862484,nonsig
HNRNPA3,HNRNPA1,cd4t_rest,9.002700082957745,nonsig
HNRNPA2B1,HNRNPA1,cd4t_rest,3.5268091559410095,nonsig
LVRN,ANPEP,cd4t_rest,2.9569807089865208,nonsig
HSP90AA1,HSP90AB1,cd4t_rest,2.888701617717743,nonsig
XKR6,XKR8,cd4t_rest,2.0007423758506775,nonsig
FAM89A,FAM89B,cd4t_rest,2.059993252158165,nonsig
HNF1B,HNF1A,cd4t_rest,2.018025040626526,nonsig
TOR1B,TOR1A,cd4t_rest,3.1656765304505825,nonsig
EML1,EML2,cd4t_rest,2.2179986983537674,nonsig
B3GNT7,B3GALT4,cd4t_rest,2.5489554665982723,nonsig
FUBP3,PCBP1,cd4t_rest,2.269937939941883,nonsig
NEUROG3,NEUROG2,cd4t_rest,2.359317399561405,nonsig
UBL7,UBQLN4,cd4t_rest,2.173621077090502,nonsig
GTF2I,GTF2IRD2B,cd4t_rest,2.0426732301712036,nonsig
F2RL2,F2RL1,cd4t_rest,2.0586445517838,nonsig
MEX3A,MEX3D,cd4t_rest,4.187007240951061,nonsig
CYP4X1,CYP4V2,cd4t_rest,16.782792574726045,nonsig
IGSF3,IGSF8,cd4t_rest,2.7961666733026505,nonsig
AKAP8,AKAP8L,cd4t_rest,2.0865995325148106,nonsig
TMEM178A,TMEM178B,cd4t_rest,3.319234784692526,nonsig
DNAH11,DNAH17,cd4t_rest,2.0492395535111427,nonsig
USP4,USP32,cd4t_rest,3.0345337465405464,nonsig
TMPRSS11B,ST14,cd4t_rest,9.621572136878967,nonsig
PCBP4,FUBP1,cd4t_rest,2.084661648608744,nonsig
SCAMP1,SCAMP4,cd4t_rest,2.6468042200431228,nonsig
SGSH,GNS,cd4t_rest,2.532062206417322,nonsig
GALNS,GNS,cd4t_rest,2.43268321454525,nonsig
F12,KLKB1,cd4t_rest,2.1964246295392513,nonsig
CIAO2B,CIAO2A,cd4t_rest,2.774996981024742,nonsig
SOCS1,SOCS3,cd4t_rest,4.052118507335763,nonsig
ATP11C,ATP11B,cd4t_rest,5.255804389715195,nonsig
SLC38A1,SLC38A6,cd4t_rest,3.2804373130202293,nonsig
SLC38A2,SLC38A6,cd4t_rest,4.266571402549744,nonsig
SMARCAD1,INO80,cd4t_rest,2.254750938154757,nonsig
MID1,TRIM21,cd4t_rest,2.04740522056818,nonsig
MID1,TRIM39,cd4t_rest,2.9779910817742348,nonsig
CHRNB2,CHRNA1,cd4t_rest,2.978018842637539,nonsig
ZFP36L1,ZFP36L2,cd4t_rest,3.1118823774158955,nonsig
HNRNPDL,HNRNPAB,cd4t_rest,3.93652318418026,nonsig
MOB1A,MOB3A,cd4t_rest,2.4098729118704796,nonsig
HPN,TMPRSS13,cd4t_rest,3.263680335134268,nonsig
SLFN11,SLFN12L,cd4t_rest,2.0467195734381676,nonsig
PLCD4,PLCG2,cd4t_rest,2.21668241545558,nonsig
CASP4,CASP9,cd4t_rest,2.8636388778686523,nonsig
MAFA,MAFK,cd4t_rest,2.659957818686962,nonsig
USP3,USP27X,cd4t_rest,4.879913256911095,nonsig
ZNF442,ZNF433,cd4t_rest,2.053923573344946,nonsig
ZNF700,ZNF799,cd4t_rest,4.558053269982338,nonsig
ZNF799,ZNF700,cd4t_rest,2.227428711950779,nonsig
CA8,CA7,cd4t_rest,2.5055379644036293,nonsig
NFKB1,REL,cd4t_rest,2.1745685106143355,nonsig
ISG20,AEN,cd4t_rest,2.144258573651314,nonsig
UBC,UBB,cd4t_rest,2.705624036490917,nonsig
UBB,UBC,cd4t_rest,5.268932193517685,nonsig
PDE8B,PDE1B,cd4t_rest,2.8199228197336197,nonsig
NR2F2,NR2E1,cd4t_rest,2.631619866937399,nonsig
BPNT2,BPNT1,cd4t_rest,2.125005164183676,nonsig
TMOD3,LMOD3,cd4t_rest,2.0523118674755096,nonsig
AP2S1,AP4S1,cd4t_rest,3.1561480909585953,nonsig
AP4S1,AP2S1,cd4t_rest,2.114750739187002,nonsig
PITX1,OTP,cd4t_rest,2.2572826221585274,nonsig
RECQL,BLM,cd4t_rest,2.3550408631563187,nonsig
CIB1,CIB2,cd4t_rest,3.7182456105947495,nonsig
FXYD6,FXYD3,cd4t_rest,2.800640670582652,nonsig
NIM1K,SIK3,cd4t_rest,2.462145298719406,nonsig
CA4,CA2,cd4t_rest,2.8630298087373376,nonsig
CDKL4,CDK13,cd4t_rest,2.018171040341258,nonsig
WWP1,NEDD4,cd4t_rest,2.347545290365815,nonsig
FOS,FOSL2,cd4t_rest,2.004892200231552,nonsig
LRRC8B,LRRC8C,cd4t_rest,3.7002278021536767,nonsig
NUAK1,SIK2,cd4t_rest,3.795495498925447,nonsig
STX2,STX12,cd4t_rest,2.6050625033676624,nonsig
PITX1,ALX4,cd4t_rest,4.934621937572956,nonsig
GLT8D2,GLT8D1,cd4t_rest,2.1290975511074066,nonsig
PTGDR,PTGER2,cd4t_rest,5.284548968076706,nonsig
PRKAR2B,PRKAR1B,cd4t_rest,3.0838809087872505,nonsig
PRKAR2A,PRKAR1B,cd4t_rest,2.940966732800007,nonsig
GPR83,GPR19,cd4t_rest,2.270948752760887,nonsig
ATP2B1,ATP2A2,cd4t_rest,4.748750820755959,nonsig
FZD8,FZD6,cd4t_rest,4.209916852414608,nonsig
TARM1,LILRA2,cd4t_rest,6.863401000387967,nonsig
UBE2H,UBE2I,cd4t_rest,2.64412535703741,nonsig
PRKAG1,PRKAG2,cd4t_rest,3.522948108613491,nonsig
WNT8B,WNT1,cd4t_rest,6.6570260669104755,nonsig
PDE2A,PDE5A,cd4t_rest,2.628133007325232,nonsig
SEMA3F,SEMA4C,cd4t_rest,6.098880244418979,nonsig
SEMA4C,SEMA4F,cd4t_rest,2.069170691072941,nonsig
NR1I2,NR1H2,cd4t_rest,2.192308358848095,nonsig
HNRNPDL,HNRNPD,cd4t_rest,3.573400244116783,nonsig
HNRNPA3,HNRNPDL,cd4t_rest,3.8029930517077446,nonsig
PRSS55,KLKB1,cd4t_rest,7.065440654754639,nonsig
F11,KLKB1,cd4t_rest,3.376244269311428,nonsig
ANXA9,ANXA6,cd4t_rest,3.6938046291470528,nonsig
EPB41L4B,EPB41L2,cd4t_rest,2.4213526844978333,nonsig
TFCP2,UBP1,cd4t_rest,2.8531349375844,nonsig
PRKAR2B,PRKAR1A,cd4t_rest,4.206018932163715,nonsig
SPTBN2,SPTBN5,cd4t_rest,4.240681305527687,nonsig
CABP1,CALM2,cd4t_rest,2.139642270281911,nonsig
KPNA5,KPNA6,cd4t_rest,2.000019509345293,nonsig
LRRC2,LRRC39,cd4t_rest,2.0097532272338867,nonsig
RASA4B,RASA2,cd4t_rest,4.7138668820261955,nonsig
TGFBR1,BMPR2,cd4t_rest,2.0223531224764884,nonsig
SMARCD2,SMARCD1,cd4t_rest,2.400849401950836,nonsig
ACTA1,ACTR3C,cd4t_rest,3.4488992989063263,nonsig
PCSK4,PCSK6,cd4t_rest,3.259981609880924,nonsig
STAT6,STAT5B,cd4t_rest,3.580060656182468,nonsig
STAT1,STAT5B,cd4t_rest,8.047877920791507,nonsig
STAT2,STAT5B,cd4t_rest,7.855830701999366,nonsig
STAT3,STAT5B,cd4t_rest,5.437481597065926,nonsig
DNAH14,DNAH3,cd4t_rest,6.988636881113052,nonsig
RORB,THRA,cd4t_rest,2.2795644626021385,nonsig
DPF1,DPF2,cd4t_rest,3.990881517529488,nonsig
MIXL1,SHOX,cd4t_rest,2.3608061000704765,nonsig
HOXC9,HOXD10,cd4t_rest,5.564635613933206,nonsig
HOXC5,HOXD10,cd4t_rest,3.1830617636442184,nonsig
HOXC4,HOXD10,cd4t_rest,2.011692464351654,nonsig
HOXC4,HOXD1,cd4t_rest,2.8855461478233337,nonsig
CD69,CLEC2D,cd4t_rest,2.3878651335835457,nonsig
FUBP1,KHSRP,cd4t_rest,4.188900224864483,nonsig
BICRAL,BICRA,cd4t_rest,2.75736828148365,nonsig
LIN28A,YBX1,cd4t_rest,5.004145495593548,nonsig
KCNK4,KCNK5,cd4t_rest,3.4759972877800465,nonsig
KIF1A,KIF3C,cd4t_rest,2.0775709319859743,nonsig
SPDEF,ETS1,cd4t_rest,2.3923364728689194,nonsig
ELL2,ELL,cd4t_rest,2.17014217376709,nonsig
INHBE,BMP8B,cd4t_rest,4.3840372590348125,nonsig
AP3M2,AP4M1,cd4t_rest,2.315764509141445,nonsig
GALNT8,GALNT3,cd4t_rest,2.4985916540026665,nonsig
BMAL2,ARNT,cd4t_rest,2.845007136464119,nonsig
HNRNPA3,HNRNPA2B1,cd4t_rest,6.156942598521709,nonsig
NAV2,NAV1,cd4t_rest,5.114570118486881,nonsig
GNG12,GNG11,cd4t_rest,3.3462446182966232,nonsig
NT5C3A,NT5C3B,cd4t_rest,2.250353799201548,nonsig
ZNF101,ZNF441,cd4t_rest,2.659031108021736,nonsig
TMED3,TMED4,cd4t_rest,3.0101594775915146,nonsig
PPEF2,PPP5C,cd4t_rest,2.3131030835211277,nonsig
B3GAT1,B3GAT2,cd4t_rest,3.86127744615078,nonsig
CRYZ,ADH5,cd4t_rest,2.1999347656965256,nonsig
PPEF2,PPP2CB,cd4t_rest,6.370435360819101,nonsig
AP2A1,AP2A2,cd4t_rest,2.1107665598392487,nonsig
GBP3,GBP1,cd4t_rest,2.2100897133350372,nonsig
GBP2,GBP5,cd4t_rest,3.6604712158441544,nonsig
GBP4,GBP5,cd4t_rest,5.8962287018075585,nonsig
DDX51,DDX39A,cd4t_rest,2.0431295223534107,nonsig
CEACAM3,CEACAM4,cd4t_rest,15.974329233169556,nonsig
HES4,HEY2,cd4t_rest,2.1798887327313423,nonsig
MEGF11,MEGF6,cd4t_rest,2.798205830156803,nonsig
DUSP3,DUSP12,cd4t_rest,2.5948322862386703,nonsig
MAPK6,MAPK14,cd4t_rest,3.322956845164299,nonsig
PDIA3,PDIA6,cd4t_rest,4.700415223836899,nonsig
ZC3H6,ZC3H4,cd4t_rest,4.223401829600334,nonsig
CPS1,CAD,cd4t_rest,4.129665061831474,nonsig
GNAO1,GNA13,cd4t_rest,2.3813503608107567,nonsig
EXT1,EXTL3,cd4t_rest,2.0386968180537224,nonsig
RASGRP4,RASGRP1,cd4t_rest,3.592833697795868,nonsig
ADAMTSL4,ADAMTSL5,cd4t_rest,3.0282636620104313,nonsig
VIL1,FLII,cd4t_rest,4.096002921462059,nonsig
GOLGA8R,GOLGA8A,cd4t_rest,3.301495922729373,nonsig
TNFRSF10B,TNFRSF10D,cd4t_rest,2.03784853965044,nonsig
TNFRSF10A,TNFRSF10D,cd4t_rest,2.5252351351082325,nonsig
TNFRSF10D,TNFRSF10A,cd4t_rest,2.1312824450433254,nonsig
VAMP2,VAMP5,cd4t_rest,3.607280746102333,nonsig
ZNF324B,ZNF324,cd4t_rest,2.2793978340923786,nonsig
KSR2,KSR1,cd4t_rest,2.4413828514516354,nonsig
STAT6,STAT3,cd4t_rest,3.908369000069797,nonsig
ETS1,FLI1,cd4t_rest,3.0708041936159134,nonsig
TMEM87B,TMEM87A,cd4t_rest,2.019150847569108,nonsig
FAHD2B,FAHD2A,cd4t_rest,2.360992409288883,nonsig
CASP8,CASP9,cd4t_rest,2.6618409752845764,nonsig
CHD5,CHD2,cd4t_rest,2.647714525461197,nonsig
CASP10,CASP9,cd4t_rest,2.041066930629313,nonsig
SLC38A2,SLC38A1,cd4t_rest,2.568609595298767,nonsig
PRKAR2A,PRKAR1A,cd4t_rest,3.5451997593045235,nonsig
CCNT2,CCNT1,cd4t_rest,2.6683696657419205,nonsig
HSPA1B,HSPA8,cd4t_rest,10.198397368192673,nonsig
CLMP,VSIG2,cd4t_rest,2.12523390725255,nonsig
TCP11L2,TCP11L1,cd4t_rest,2.3333770036697388,nonsig
SATB2,SATB1,cd4t_rest,7.202117037028074,nonsig
COL8A2,C1QB,cd4t_rest,7.043453703634441,nonsig
TRIB1,STK40,cd4t_rest,2.6095350086688995,nonsig
STAT1,STAT3,cd4t_rest,2.740873469039798,nonsig
RAB11FIP5,RAB11FIP1,cd4t_rest,2.883761346340179,nonsig
FCGR3B,FCER1A,cd4t_rest,3.013994596898556,nonsig
ADAM28,ADAM15,cd4t_rest,5.078134670853615,nonsig
RHOT1,RHOC,cd4t_rest,2.275002211332321,nonsig
ZFP36,ZFP36L2,cd4t_rest,2.350348360836506,nonsig
PER3,PER1,cd4t_rest,3.290606178343296,nonsig
CNR2,GPR3,cd4t_rest,2.177311349660158,nonsig
PUM2,PUM1,cd4t_rest,4.510000295937061,nonsig
SKIL,SKI,cd4t_rest,3.0625956505537033,nonsig
DCAF6,WDTC1,cd4t_rest,3.3260136768221855,nonsig
BIRC3,BIRC2,cd4t_rest,2.0801437497138977,nonsig
KCNQ4,KCNQ1,cd4t_rest,2.2664830535650253,nonsig
SLAMF6,SLAMF1,cd4t_rest,3.0495849922299385,nonsig
FCRL3,FCRL1,cd4t_rest,2.3884717896580696,nonsig
ARHGEF16,ARHGEF19,cd4t_rest,2.7676924020051956,nonsig
FCRLB,FCGR2A,cd4t_rest,3.921071782708168,nonsig
GSTM1,GSTM4,cd4t_rest,2.1123883724212646,nonsig
DDX17,DDX5,cd4t_stim8hr,7.535405144095421,sig
EIF1B,EIF1,cd4t_stim8hr,2.342733681201935,sig
EIF1AY,EIF1AX,cd4t_stim8hr,2.2106824070215225,sig
NLGN4Y,NLGN3,cd4t_stim8hr,4.236805099993944,nonsig
KPNA4,KPNA3,cd4t_stim8hr,2.669905424118042,nonsig
POU5F1B,POU4F1,cd4t_stim8hr,2.6940616630017757,nonsig
SLC7A1,SLC7A11,cd4t_stim8hr,6.202110301703215,nonsig
FOXO6,FOXO1,cd4t_stim8hr,3.763738726265729,nonsig
MAPK4,MAPK6,cd4t_stim8hr,2.589929236099124,nonsig
FLT3,CSF1R,cd4t_stim8hr,2.085190374404192,nonsig
PTGR3,CRYZL1,cd4t_stim8hr,2.251721877604723,nonsig
VAT1L,CRYZL1,cd4t_stim8hr,13.684275323525071,nonsig
VAT1,CRYZL1,cd4t_stim8hr,2.327735308557749,nonsig
ANGPT4,ANGPTL4,cd4t_stim8hr,8.651471526362002,nonsig
SNRPA,SNRPB2,cd4t_stim8hr,3.296394899487495,nonsig
SNRPB2,SNRPA,cd4t_stim8hr,2.0244905054569244,nonsig
SNAI2,SCRT2,cd4t_stim8hr,2.7201828733086586,nonsig
DHX37,DHX35,cd4t_stim8hr,3.473506599664688,nonsig
DHX29,DHX35,cd4t_stim8hr,3.151892814785242,nonsig
DHX32,DHX35,cd4t_stim8hr,2.883127562701702,nonsig
DHX38,DHX35,cd4t_stim8hr,2.0223840065300465,nonsig
EYA2,EYA3,cd4t_stim8hr,2.9309399500489235,nonsig
DEPTOR,PREX1,cd4t_stim8hr,2.345373570919037,nonsig
SLC17A1,SLC17A9,cd4t_stim8hr,2.7891070879995823,nonsig
TGIF2,TGIF1,cd4t_stim8hr,2.4487679209560156,nonsig
ZIC2,ZIC5,cd4t_stim8hr,3.2988858968019485,nonsig
CERKL,CERK,cd4t_stim8hr,4.018583297729492,nonsig
PPM1A,ILKAP,cd4t_stim8hr,5.253178589046001,nonsig
MYBL2,MYB,cd4t_stim8hr,2.1596068739891052,nonsig
ADAD2,ADARB2,cd4t_stim8hr,3.726315502077341,nonsig
TFDP2,TFDP1,cd4t_stim8hr,2.5366748943924904,nonsig
ATP8B1,ATP10A,cd4t_stim8hr,2.1352229714393616,nonsig
PSPC1,NONO,cd4t_stim8hr,6.529261693358421,nonsig
L3MBTL4,L3MBTL3,cd4t_stim8hr,2.3425161875784397,nonsig
ST8SIA5,ST8SIA1,cd4t_stim8hr,2.9600895773619413,nonsig
CLCN5,CLCN2,cd4t_stim8hr,2.0827625393867493,nonsig
ATP12A,ATP2B1,cd4t_stim8hr,2.214122712612152,nonsig
RGS6,RGS5,cd4t_stim8hr,3.1634747236967087,nonsig
KATNAL2,VPS4B,cd4t_stim8hr,2.4282232150435448,nonsig
KATNA1,VPS4B,cd4t_stim8hr,2.2861941270530224,nonsig
UBE2G2,UBE2T,cd4t_stim8hr,2.251632258296013,nonsig
UBE2G2,UBE2N,cd4t_stim8hr,2.6729190796613693,nonsig
PTPN21,PTPN14,cd4t_stim8hr,3.805678803473711,nonsig
UPF3A,UPF3B,cd4t_stim8hr,2.109344556927681,nonsig
FKBP1B,FKBP1A,cd4t_stim8hr,3.067700006067753,nonsig
HSPH1,HSPA8,cd4t_stim8hr,7.949548199772835,nonsig
DMRTA1,DMRT1,cd4t_stim8hr,2.7581205228343606,nonsig
CUL4A,CUL5,cd4t_stim8hr,2.8596605882048607,nonsig
SUN3,SUN1,cd4t_stim8hr,26.921225681900975,nonsig
CCNT2,CCNK,cd4t_stim8hr,2.819376900792122,nonsig
ELAVL2,ELAVL1,cd4t_stim8hr,2.2958908677101135,nonsig
ABCA6,ABCA3,cd4t_stim8hr,7.3901092652231455,nonsig
DHX15,DHX36,cd4t_stim8hr,2.4434357583522797,nonsig
RNF138,RNF125,cd4t_stim8hr,2.8331681936979294,nonsig
PAX9,PAX5,cd4t_stim8hr,2.579773858189583,nonsig
SH3BGRL2,SH3BGRL,cd4t_stim8hr,2.6810974553227425,nonsig
FOXB2,FOXE3,cd4t_stim8hr,19.24440936744213,nonsig
LRCH2,LRCH3,cd4t_stim8hr,4.447863854467869,nonsig
POU5F1B,POU3F4,cd4t_stim8hr,2.292796280235052,nonsig
LPAR4,P2RY10,cd4t_stim8hr,2.0601098127663136,nonsig
EPB41L1,EPB41L3,cd4t_stim8hr,2.990097925066948,nonsig
FRMD5,EPB41L3,cd4t_stim8hr,3.945588544011116,nonsig
PMM1,PMM2,cd4t_stim8hr,2.7845761477947235,nonsig
BARX1,BARX2,cd4t_stim8hr,2.0625535026192665,nonsig
UBE2H,UBE2C,cd4t_stim8hr,2.329072553664446,nonsig
UBE2B,UBE2C,cd4t_stim8hr,2.103206025436521,nonsig
SOX10,SOX21,cd4t_stim8hr,7.0149390287697315,nonsig
TWIST1,FERD3L,cd4t_stim8hr,3.30271278321743,nonsig
ITGB6,ITGB2,cd4t_stim8hr,10.293902900069952,nonsig
CLEC17A,CLEC4E,cd4t_stim8hr,2.4980275630950928,nonsig
SP4,SP2,cd4t_stim8hr,2.5759383784607053,nonsig
SP1,SP4,cd4t_stim8hr,5.243363104760647,nonsig
SP4,SP1,cd4t_stim8hr,3.4450139151886106,nonsig
ITGB8,ITGB7,cd4t_stim8hr,2.353110395371914,nonsig
MTRR,NDOR1,cd4t_stim8hr,2.2444704435765743,nonsig
SLCO5A1,SLCO4A1,cd4t_stim8hr,2.6045675724744797,nonsig
TNRC6C,TNRC6A,cd4t_stim8hr,2.5328185008838773,nonsig
EPB41L1,EPB41L5,cd4t_stim8hr,3.1891304701566696,nonsig
CLEC7A,KLRF1,cd4t_stim8hr,2.033608829602599,nonsig
KLRG1,CLEC7A,cd4t_stim8hr,4.1135857701301575,nonsig
SMAD7,SMAD3,cd4t_stim8hr,2.1595360673964024,nonsig
KLF4,KLF3,cd4t_stim8hr,2.649619609117508,nonsig
ITGAD,ITGA1,cd4t_stim8hr,2.4682946242392063,nonsig
ITGA1,ITGAM,cd4t_stim8hr,2.544799180701375,nonsig
TIMP4,TIMP1,cd4t_stim8hr,2.458146035671234,nonsig
ING4,ING1,cd4t_stim8hr,2.3896710202097893,nonsig
SEMA3A,SEMA4A,cd4t_stim8hr,2.233673945069313,nonsig
CAPNS2,CAPN1,cd4t_stim8hr,2.4468153342604637,nonsig
MEIS2,PBX3,cd4t_stim8hr,3.0580936037003994,nonsig
SLC2A12,SLC2A13,cd4t_stim8hr,6.068762069568038,nonsig
SLC2A13,SLC2A11,cd4t_stim8hr,2.036597535945475,nonsig
ACYP1,ACYP2,cd4t_stim8hr,2.188416201621294,nonsig
ZNF711,ZFX,cd4t_stim8hr,3.603982836008072,nonsig
TMED7,TMED10,cd4t_stim8hr,3.18783999979496,nonsig
TMED9,TMED10,cd4t_stim8hr,3.203138716518879,nonsig
BRSK2,TSSK6,cd4t_stim8hr,2.20283155888319,nonsig
BMP6,BMP8A,cd4t_stim8hr,2.8052904941141605,nonsig
TGFB2,BMP6,cd4t_stim8hr,2.3135518189519644,nonsig
GALNT14,GALNT18,cd4t_stim8hr,2.0828984081745148,nonsig
GPBP1,GPBP1L1,cd4t_stim8hr,2.0815556943416595,nonsig
RBMXL2,HNRNPA2B1,cd4t_stim8hr,3.2355571687221527,nonsig
EHMT1,EHMT2,cd4t_stim8hr,2.204759191721678,nonsig
PEX6,PEX1,cd4t_stim8hr,3.0457907915115356,nonsig
AICDA,APOBEC3H,cd4t_stim8hr,3.395840361248702,nonsig
PNMA6A,PNMA1,cd4t_stim8hr,2.8514037132263184,nonsig
ID4,ID1,cd4t_stim8hr,8.77756803482771,nonsig
KLHL33,KLHL9,cd4t_stim8hr,2.355531210079789,nonsig
TMBIM6,TMBIM4,cd4t_stim8hr,2.082941461354494,nonsig
GMEB1,GMEB2,cd4t_stim8hr,6.943546809256077,nonsig
GMEB2,GMEB1,cd4t_stim8hr,5.145055815577507,nonsig
STMN3,STMN1,cd4t_stim8hr,2.0588950365781784,nonsig
PLCL2,PLCG1,cd4t_stim8hr,3.6818640679121017,nonsig
GALNT6,GALNT12,cd4t_stim8hr,2.0733228772878647,nonsig
CPSF6,CPSF7,cd4t_stim8hr,3.0743560940027237,nonsig
YJU2B,YJU2,cd4t_stim8hr,3.0872322618961334,nonsig
GNAZ,GNA15,cd4t_stim8hr,2.7114906311035156,nonsig
GNA13,GNA15,cd4t_stim8hr,2.6762030348181725,nonsig
SAFB2,SAFB,cd4t_stim8hr,5.97188463807106,nonsig
PWWP2A,PWWP2B,cd4t_stim8hr,2.4043993200175464,nonsig
CA13,CA10,cd4t_stim8hr,3.6419619619846344,nonsig
ZHX2,ZHX3,cd4t_stim8hr,4.865291029214859,nonsig
LZTS3,LZTS2,cd4t_stim8hr,2.020460654050112,nonsig
RARG,NR1H2,cd4t_stim8hr,2.6280598249286413,nonsig
PLCH1,PLCG1,cd4t_stim8hr,3.249801062513143,nonsig
PLCH2,PLCG1,cd4t_stim8hr,3.229554682970047,nonsig
PLCD1,PLCG1,cd4t_stim8hr,3.649168461561203,nonsig
KIF4B,KIF27,cd4t_stim8hr,2.003034843597561,nonsig
ZNF174,ZKSCAN2,cd4t_stim8hr,2.0812111385166645,nonsig
CYB5R3,CYB5R4,cd4t_stim8hr,2.3448669239878654,nonsig
L1CAM,NFASC,cd4t_stim8hr,2.6590115316212177,nonsig
AP1S1,AP1S2,cd4t_stim8hr,2.2399421334266663,nonsig
RFTN2,RFTN1,cd4t_stim8hr,4.672564785927534,nonsig
ME1,ME3,cd4t_stim8hr,3.0643726587295532,nonsig
HINT1,HINT2,cd4t_stim8hr,2.400186240673065,nonsig
CD109,A2M,cd4t_stim8hr,2.4419665411114693,nonsig
CLIC4,EEF1G,cd4t_stim8hr,2.600110612809658,nonsig
ESRP2,HNRNPH2,cd4t_stim8hr,2.1961636543273926,nonsig
PGGT1B,RABGGTB,cd4t_stim8hr,2.295349393039942,nonsig
MIB1,MIB2,cd4t_stim8hr,2.5644966065883636,nonsig
ANO4,ANO6,cd4t_stim8hr,5.961401453241706,nonsig
TRAF1,TRAF2,cd4t_stim8hr,2.5545966252684593,nonsig
TRAF1,TRAF3,cd4t_stim8hr,2.4005255326628685,nonsig
SRL,EHD1,cd4t_stim8hr,2.038303777575493,nonsig
CEP85L,CEP85,cd4t_stim8hr,3.336565740406513,nonsig
MORF4L2,MORF4L1,cd4t_stim8hr,2.338913455605507,nonsig
CAPN14,CAPN1,cd4t_stim8hr,2.2472614608705044,nonsig
MAP3K8,STK25,cd4t_stim8hr,2.722224697470665,nonsig
DUSP5,STYXL1,cd4t_stim8hr,3.209274433553219,nonsig
SLC7A6,SLC7A11,cd4t_stim8hr,2.2358018904924393,nonsig
SLC7A5,SLC7A11,cd4t_stim8hr,4.551879744976759,nonsig
STX7,STX3,cd4t_stim8hr,2.2379549629986286,nonsig
STX7,STX16,cd4t_stim8hr,3.9158271439373498,nonsig
GCAT,SPTLC2,cd4t_stim8hr,2.168643958866596,nonsig
EHD2,EHD3,cd4t_stim8hr,3.571570286527276,nonsig
PABPC4L,PABPC1,cd4t_stim8hr,17.436389412730932,nonsig
PSKH2,PHKG2,cd4t_stim8hr,9.97006624378264,nonsig
PHKG2,CAMK1D,cd4t_stim8hr,2.173723004758358,nonsig
RRAGC,RRAGB,cd4t_stim8hr,3.623593419790268,nonsig
FUT5,FUT7,cd4t_stim8hr,2.5135504230856895,nonsig
AP3S2,AP1S2,cd4t_stim8hr,2.0218855794519186,nonsig
AP1S2,AP3S2,cd4t_stim8hr,2.040396884083748,nonsig
TSPAN15,TSPAN33,cd4t_stim8hr,2.008086621761322,nonsig
RHOD,RHOH,cd4t_stim8hr,3.735080901533365,nonsig
UBE2V1,UBE2V2,cd4t_stim8hr,2.2075203210115433,nonsig
FAM200C,FAM200B,cd4t_stim8hr,2.157259114086628,nonsig
JADE1,BRD1,cd4t_stim8hr,2.61350110033527,nonsig
LIN28B,YBX1,cd4t_stim8hr,2.5958714932203293,nonsig
LIN28B,YBX2,cd4t_stim8hr,2.7769186943769455,nonsig
SGK2,SGK3,cd4t_stim8hr,6.431030180247035,nonsig
FIBCD1,FGL2,cd4t_stim8hr,3.164937164634466,nonsig
UQCRC2,UQCRC1,cd4t_stim8hr,4.2668068669736385,nonsig
BCLAF1,THRAP3,cd4t_stim8hr,5.16712199524045,nonsig
SNRPN,SNRPB,cd4t_stim8hr,3.729941800236702,nonsig
RABGAP1,RABGAP1L,cd4t_stim8hr,2.10381401230552,nonsig
MLLT10,MLLT6,cd4t_stim8hr,4.391580959782004,nonsig
SFPQ,NONO,cd4t_stim8hr,4.34698361158371,nonsig
NR1H4,RORC,cd4t_stim8hr,4.653806786984205,nonsig
ATP10B,ATP10A,cd4t_stim8hr,3.080381577834487,nonsig
NIT1,NIT2,cd4t_stim8hr,2.374030329287052,nonsig
STX12,STX3,cd4t_stim8hr,2.324827380478382,nonsig
TMEM39B,TMEM39A,cd4t_stim8hr,2.2355443462729454,nonsig
YPEL3,YPEL5,cd4t_stim8hr,2.2102848291397095,nonsig
BTNL8,BTN2A2,cd4t_stim8hr,5.050993017852306,nonsig
TAL1,TAL2,cd4t_stim8hr,2.5467626750469208,nonsig
GDPD1,GDPD3,cd4t_stim8hr,2.1803950890898705,nonsig
MAPK3,MAPK14,cd4t_stim8hr,2.4228238314390182,nonsig
SHOX2,ARX,cd4t_stim8hr,4.946684919297695,nonsig
ARX,PRRX1,cd4t_stim8hr,2.586699888110161,nonsig
PITX3,ARX,cd4t_stim8hr,2.6788657903671265,nonsig
SLC16A12,SLC16A6,cd4t_stim8hr,5.462547911796719,nonsig
SLC16A12,SLC16A5,cd4t_stim8hr,8.897248877678066,nonsig
RNF149,RNF130,cd4t_stim8hr,2.3969790413975716,nonsig
TMEM184A,TMEM184C,cd4t_stim8hr,2.5742789544165134,nonsig
ZMAT1,KRCC1,cd4t_stim8hr,2.1652029302786104,nonsig
DDX50,EIF4A2,cd4t_stim8hr,4.086183205246925,nonsig
DDX50,EIF4A1,cd4t_stim8hr,2.9449504762887955,nonsig
PITX1,OTX1,cd4t_stim8hr,2.280528251081705,nonsig
OTX1,OTX2,cd4t_stim8hr,4.527910437434912,nonsig
JDP2,BATF,cd4t_stim8hr,9.300231244415045,nonsig
BATF,FOS,cd4t_stim8hr,2.195494331419468,nonsig
ALDH2,ALDH8A1,cd4t_stim8hr,2.1863495875149965,nonsig
WNT4,WNT16,cd4t_stim8hr,3.896620221436024,nonsig
SOCS2,SOCS3,cd4t_stim8hr,2.0131833404302597,nonsig
PTGER3,PTGER4,cd4t_stim8hr,3.824043452739715,nonsig
CYP2C8,CYP2D6,cd4t_stim8hr,2.019873607903719,nonsig
DRD1,HRH2,cd4t_stim8hr,4.831167018506676,nonsig
SIPA1L1,SIPA1L3,cd4t_stim8hr,2.111552745103836,nonsig
TMTC2,TMTC3,cd4t_stim8hr,2.2205794602632523,nonsig
CTCF,CTCFL,cd4t_stim8hr,2.259236466139555,nonsig
DPY19L3,DPY19L1,cd4t_stim8hr,2.5683885104954243,nonsig
PTGDR2,OPRM1,cd4t_stim8hr,2.48035429418087,nonsig
MT1HL1,MT1H,cd4t_stim8hr,20.099963933229446,nonsig
ABCB9,ABCB7,cd4t_stim8hr,2.910443663597107,nonsig
CHSY3,CSGALNACT2,cd4t_stim8hr,9.174635544419289,nonsig
TNFRSF11B,CD40,cd4t_stim8hr,3.796255361288786,nonsig
CD40,TNFRSF1B,cd4t_stim8hr,2.6295754462480545,nonsig
CMA1,GZMB,cd4t_stim8hr,3.0014038532972336,nonsig
DNAJB8,DNAJB14,cd4t_stim8hr,2.897344995290041,nonsig
GZMH,GZMB,cd4t_stim8hr,2.4262721687555313,nonsig
UBA3,UBA2,cd4t_stim8hr,2.7377498373389244,nonsig
MMEL1,MME,cd4t_stim8hr,3.0768591165542603,nonsig
ADAM2,ADAM8,cd4t_stim8hr,15.423200771212578,nonsig
CHAT,CRAT,cd4t_stim8hr,3.068994680419564,nonsig
DDX19B,DDX1,cd4t_stim8hr,2.5422566197812557,nonsig
SLC25A13,SLC25A22,cd4t_stim8hr,2.331776833627373,nonsig
LRP1,LDLR,cd4t_stim8hr,3.2326569221913815,nonsig
RBP7,FABP5,cd4t_stim8hr,7.120703905820847,nonsig
TIA1,TIAL1,cd4t_stim8hr,3.241977211087942,nonsig
TRNAU1AP,TIAL1,cd4t_stim8hr,4.414628684520721,nonsig
ADCY3,ADCY4,cd4t_stim8hr,2.3074253648519516,nonsig
RFPL4AL1,RFPL2,cd4t_stim8hr,6.665054488927126,nonsig
PSMB1,PSMB8,cd4t_stim8hr,2.843018889427185,nonsig
SLC2A12,SLC2A1,cd4t_stim8hr,2.6659450586885214,nonsig
ZNF578,ZNF468,cd4t_stim8hr,3.2305208432953805,nonsig
ST6GALNAC2,ST3GAL1,cd4t_stim8hr,13.574340932071207,nonsig
UBE2R2,UBE2H,cd4t_stim8hr,2.0408484488725662,nonsig
SLC25A33,SLC25A10,cd4t_stim8hr,2.2731786891818047,nonsig
MINK1,MAP4K2,cd4t_stim8hr,2.4456914961338043,nonsig
RSBN1L,RSBN1,cd4t_stim8hr,2.142326032742858,nonsig
UBE2D3,UBE2L3,cd4t_stim8hr,2.064220428466797,nonsig
UBE2L3,UBE2E2,cd4t_stim8hr,2.029718406498432,nonsig
TBL1X,TBL1XR1,cd4t_stim8hr,4.303384876810014,nonsig
ADAM21,ADAM12,cd4t_stim8hr,2.20399903296493,nonsig
RTL5,RTL8A,cd4t_stim8hr,2.4367122650146484,nonsig
LETM2,LETM1,cd4t_stim8hr,2.1820716559886932,nonsig
RRAGD,RRAGC,cd4t_stim8hr,2.260807156562805,nonsig
NODAL,BMP8A,cd4t_stim8hr,3.5772770643234253,nonsig
FCF1,UTP23,cd4t_stim8hr,2.846192792057991,nonsig
TSPYL1,TSPYL5,cd4t_stim8hr,2.2710820212960243,nonsig
QRICH1,ZMYM4,cd4t_stim8hr,2.3412682320922613,nonsig
CALM3,CALM2,cd4t_stim8hr,2.705207284539938,nonsig
CALM3,CALM1,cd4t_stim8hr,4.042551692575216,nonsig
UBE2Q2,UBE2E3,cd4t_stim8hr,2.0927789285779,nonsig
GALNT8,GALNT11,cd4t_stim8hr,2.34253791719675,nonsig
ESCO1,ESCO2,cd4t_stim8hr,2.230225309729576,nonsig
MPP2,MPP7,cd4t_stim8hr,2.6005284264683723,nonsig
EBF4,EBF2,cd4t_stim8hr,2.056970153003931,nonsig
FOXA3,FOXE1,cd4t_stim8hr,2.1786806881427765,nonsig
HINT1,FHIT,cd4t_stim8hr,2.5314449667930603,nonsig
ESRP1,HNRNPF,cd4t_stim8hr,9.331301588565111,nonsig
EXOSC7,EXOSC9,cd4t_stim8hr,2.3459646180272102,nonsig
DHX8,DHX36,cd4t_stim8hr,2.5954708233475685,nonsig
PPP3CC,PPP6C,cd4t_stim8hr,2.631045825779438,nonsig
ITGAD,ITGAE,cd4t_stim8hr,8.062583927065134,nonsig
CYP2E1,CYP2D6,cd4t_stim8hr,2.4830745086073875,nonsig
HDHD3,NANP,cd4t_stim8hr,2.1599742714315653,nonsig
HNRNPH3,HNRNPH1,cd4t_stim8hr,7.01378458016552,nonsig
SLC5A1,SLC5A2,cd4t_stim8hr,2.0972864255309105,nonsig
CHST3,CHST2,cd4t_stim8hr,2.128825925290585,nonsig
USP51,USP27X,cd4t_stim8hr,2.723299980163574,nonsig
LRRC4B,LRRC4,cd4t_stim8hr,2.041440801694989,nonsig
TSPYL2,TSPYL5,cd4t_stim8hr,2.9610206726938486,nonsig
RBP5,FABP5,cd4t_stim8hr,2.2022220343351364,nonsig
MAPK10,MAPK14,cd4t_stim8hr,4.053108519874513,nonsig
NUDT14,NUDT5,cd4t_stim8hr,2.0880452804267406,nonsig
IGHG3,IGLL5,cd4t_stim8hr,2.011149026453495,nonsig
NLRP14,NLRP2,cd4t_stim8hr,2.7782653979957104,nonsig
B3GALT4,B3GNT5,cd4t_stim8hr,2.275131717324257,nonsig
MCOLN3,MCOLN2,cd4t_stim8hr,2.8767832443118095,nonsig
FUS,EWSR1,cd4t_stim8hr,3.2238872908055782,nonsig
CES3,NLGN3,cd4t_stim8hr,2.8382497131824493,nonsig
UBE2F,UBE2S,cd4t_stim8hr,2.2255836464464664,nonsig
TPRG1,TPRG1L,cd4t_stim8hr,2.417023247107863,nonsig
CRYZ,RTN4IP1,cd4t_stim8hr,2.0422666668891907,nonsig
FZD1,FZD6,cd4t_stim8hr,5.585516300052404,nonsig
TBC1D28,USP6NL,cd4t_stim8hr,3.0923200165852904,nonsig
FBLN1,FBLN5,cd4t_stim8hr,6.6935858661308885,nonsig
HNRNPAB,DAZAP1,cd4t_stim8hr,2.833723559975624,nonsig
CRY2,CRY1,cd4t_stim8hr,2.8395071690902114,nonsig
KCNJ2,KCNJ1,cd4t_stim8hr,2.230483379215002,nonsig
CPT1C,CROT,cd4t_stim8hr,2.2781132236123085,nonsig
ADRA2A,ADRB2,cd4t_stim8hr,2.2265438437461853,nonsig
HSPA2,HSPA1B,cd4t_stim8hr,2.1243868619203568,nonsig
NKX2-6,NKX2-1,cd4t_stim8hr,4.0437695644795895,nonsig
PITX3,OTX2,cd4t_stim8hr,3.1100229024887085,nonsig
ICAM1,ICAM2,cd4t_stim8hr,2.926075179129839,nonsig
DDX21,EIF4A1,cd4t_stim8hr,2.695110879838466,nonsig
UBAP2,UBAP2L,cd4t_stim8hr,4.483385786414146,nonsig
IRF2BPL,IRF2BP2,cd4t_stim8hr,3.115452414378524,nonsig
CCDC28A,CCDC28B,cd4t_stim8hr,2.1158069260418415,nonsig
GSTM1,GSTA1,cd4t_stim8hr,2.749866247177124,nonsig
ANXA9,ANXA7,cd4t_stim8hr,2.364871770143509,nonsig
CELF1,CELF2,cd4t_stim8hr,2.957751803100109,nonsig
GLIS3,GLIS1,cd4t_stim8hr,2.042117267847061,nonsig
DDX46,EIF4A2,cd4t_stim8hr,2.222258166410029,nonsig
DDX46,EIF4A1,cd4t_stim8hr,3.989009932614863,nonsig
STX2,STX16,cd4t_stim8hr,2.3111758083105087,nonsig
STX12,STX16,cd4t_stim8hr,3.722005553543568,nonsig
LTB,TNF,cd4t_stim8hr,3.2399780303239822,nonsig
UBAP1,UBAP1L,cd4t_stim8hr,2.2999281473457813,nonsig
CCNL2,CCNL1,cd4t_stim8hr,2.0752775073051453,nonsig
HPCAL4,NCS1,cd4t_stim8hr,2.4048673063516617,nonsig
ATXN2,ATXN2L,cd4t_stim8hr,2.4445603862404823,nonsig
PCGF1,BMI1,cd4t_stim8hr,2.0347648710012436,nonsig
SLC16A5,SLC16A3,cd4t_stim8hr,2.961729720234871,nonsig
TRIB3,TRIB2,cd4t_stim8hr,4.895608901977539,nonsig
KLF13,KLF9,cd4t_stim8hr,2.062221286818385,nonsig
SLC9A4,SLC9A8,cd4t_stim8hr,4.909058313816786,nonsig
NAB1,NAB2,cd4t_stim8hr,4.731131620705128,nonsig
FKBP3,FKBP2,cd4t_stim8hr,3.3656516820192337,nonsig
G3BP2,G3BP1,cd4t_stim8hr,2.1720799431204796,nonsig
AKR1C4,AKR1C1,cd4t_stim8hr,14.531898126006126,nonsig
TCEAL2,TCEAL8,cd4t_stim8hr,3.6841118671,nonsig
HSD17B13,RDH10,cd4t_stim8hr,3.0689620077610016,nonsig
PSMB6,PSMB8,cd4t_stim8hr,2.2899104058742523,nonsig
KCNJ9,KCNJ14,cd4t_stim8hr,3.7109917998313904,nonsig
RFX3,RFX1,cd4t_stim8hr,3.087790568359196,nonsig
PCGF2,PCGF1,cd4t_stim8hr,5.049197971820831,nonsig
PCGF1,RNF2,cd4t_stim8hr,2.031181678175926,nonsig
B3GNT3,B3GNT9,cd4t_stim8hr,10.433351803570986,nonsig
HSPA1A,HSPA8,cd4t_stim8hr,4.11455075442791,nonsig
E2F3,E2F4,cd4t_stim8hr,2.4844524413347244,nonsig
CD8B2,CD8B,cd4t_stim8hr,2.3212259709835052,nonsig
CPEB1,CPEB2,cd4t_stim8hr,4.591240040957928,nonsig
KCNH2,KCNH4,cd4t_stim8hr,4.986923590302467,nonsig
CUX2,CUX1,cd4t_stim8hr,2.1985728442668915,nonsig
GABPB2,GABPB1,cd4t_stim8hr,5.694662161171436,nonsig
TMED2,TMED4,cd4t_stim8hr,2.730486150830984,nonsig
CA13,CA9,cd4t_stim8hr,2.132183700799942,nonsig
ZC3HAV1L,ZC3HAV1,cd4t_stim8hr,2.813122272491455,nonsig
EIF2B4,EIF2B1,cd4t_stim8hr,2.589849967509508,nonsig
CLGN,CANX,cd4t_stim8hr,2.1309554018080235,nonsig
CANX,CALR,cd4t_stim8hr,2.9356227815151215,nonsig
ATP6V0A1,ATP6V0A2,cd4t_stim8hr,2.230103462934494,nonsig
TIMM17A,TIMM17B,cd4t_stim8hr,2.302495688199997,nonsig
ZC3H12A,ZC3H12B,cd4t_stim8hr,3.5851846784353256,nonsig
SLC16A11,SLC16A3,cd4t_stim8hr,3.1035584956407547,nonsig
SLC16A3,SLC16A1,cd4t_stim8hr,2.0741086173802614,nonsig
LHX1,LHX4,cd4t_stim8hr,5.066956431604922,nonsig
MAP3K15,MAP3K5,cd4t_stim8hr,2.946986809372902,nonsig
PFKFB2,PFKFB3,cd4t_stim8hr,2.0394461676478386,nonsig
ITGA11,ITGAL,cd4t_stim8hr,2.616975754499435,nonsig
CTSS,CTSO,cd4t_stim8hr,2.9912968948483467,nonsig
ATP6V1G3,ATP6V1G2,cd4t_stim8hr,2.014980681240558,nonsig
AQP8,AQP1,cd4t_stim8hr,3.140482656657696,nonsig
XCL1,CCL1,cd4t_stim8hr,2.0993116348981857,nonsig
PAX8,PAX3,cd4t_stim8hr,2.0658476799726486,nonsig
CASP3,CASP2,cd4t_stim8hr,2.6466448605060577,nonsig
RGPD4,RGPD6,cd4t_stim8hr,7.09058016911149,nonsig
REL,NFKB2,cd4t_stim8hr,4.075954474508762,nonsig
NFKB2,REL,cd4t_stim8hr,3.4127298705279827,nonsig
GMPR2,IMPDH2,cd4t_stim8hr,2.7726061269640923,nonsig
EPHB6,EPHA1,cd4t_stim8hr,2.546213448047638,nonsig
LMO1,LHX2,cd4t_stim8hr,3.7854895293712616,nonsig
SP6,KLF16,cd4t_stim8hr,4.686636816710234,nonsig
KLF11,KLF16,cd4t_stim8hr,3.4234055560082197,nonsig
KLF13,KLF16,cd4t_stim8hr,2.2184839230030775,nonsig
ZSCAN5C,ZNF444,cd4t_stim8hr,7.649331599473953,nonsig
PACSIN2,PACSIN3,cd4t_stim8hr,2.171823069453239,nonsig
ZFAND1,ZFAND2B,cd4t_stim8hr,2.1683222576975822,nonsig
LHX3,LMX1A,cd4t_stim8hr,2.8844964131712914,nonsig
PDIA3,P4HB,cd4t_stim8hr,2.9947691494598985,nonsig
PDIA4,P4HB,cd4t_stim8hr,2.1851098239421844,nonsig
PDIA6,P4HB,cd4t_stim8hr,3.3153291046619415,nonsig
SELE,SELL,cd4t_stim8hr,8.664966082200408,nonsig
ALDH1A3,ALDH1B1,cd4t_stim8hr,3.876784399151802,nonsig
RAMP2,RAMP1,cd4t_stim8hr,2.255769059062004,nonsig
HELLS,SMARCA4,cd4t_stim8hr,2.1574814468622208,nonsig
RGS1,RGS5,cd4t_stim8hr,2.114655300974846,nonsig
MAP2K7,MAP3K2,cd4t_stim8hr,2.745098501443863,nonsig
ST3GAL1,ST3GAL4,cd4t_stim8hr,2.389906033873558,nonsig
CYTH4,CYTH2,cd4t_stim8hr,2.2516611590981483,nonsig
DHX29,DHX9,cd4t_stim8hr,2.9719993211328983,nonsig
YTHDC2,DHX9,cd4t_stim8hr,3.047765309922397,nonsig
TWIST2,FERD3L,cd4t_stim8hr,19.643652023747563,nonsig
PTBP2,PTBP1,cd4t_stim8hr,15.845024517737327,nonsig
RGS13,RGS18,cd4t_stim8hr,3.6717108711600304,nonsig
TGFB2,BMP8A,cd4t_stim8hr,2.1490458603948355,nonsig
PGA5,CTSD,cd4t_stim8hr,4.952309180051088,nonsig
ZNF791,ZNF57,cd4t_stim8hr,3.0914054634049535,nonsig
ACTN3,ACTN4,cd4t_stim8hr,2.085734285414219,nonsig
ENTPD4,ENTPD6,cd4t_stim8hr,5.275036849081516,nonsig
BEST2,BEST4,cd4t_stim8hr,4.930287167429924,nonsig
GLIS1,ZIC4,cd4t_stim8hr,2.929597284644842,nonsig
KCTD9,KCTD5,cd4t_stim8hr,3.0578988194465637,nonsig
CAMK1G,STK11,cd4t_stim8hr,11.808833066374063,nonsig
TNPO2,TNPO1,cd4t_stim8hr,6.900043860077858,nonsig
CXCL9,PPBP,cd4t_stim8hr,2.9959977716207504,nonsig
RFX2,RFX1,cd4t_stim8hr,3.714744985103607,nonsig
RGS2,RGS1,cd4t_stim8hr,2.0043229162693024,nonsig
SLC49A3,FLVCR1,cd4t_stim8hr,3.0381372421979904,nonsig
EML5,EML3,cd4t_stim8hr,2.508785992860794,nonsig
BMAL1,ARNT,cd4t_stim8hr,2.2864972409443,nonsig
PRSS33,GZMM,cd4t_stim8hr,2.4254757650196552,nonsig
CXCL13,PF4,cd4t_stim8hr,2.165247917175293,nonsig
CXCL13,CXCL3,cd4t_stim8hr,3.2635507583618164,nonsig
SLC44A5,SLC44A2,cd4t_stim8hr,2.9650653451681137,nonsig
GALNT16,GALNT7,cd4t_stim8hr,8.74861953407526,nonsig
DDX25,DDX39A,cd4t_stim8hr,2.898291617631912,nonsig
DUSP2,STYXL1,cd4t_stim8hr,2.0020941756665707,nonsig
PSMB7,PSMB8,cd4t_stim8hr,3.016581043601036,nonsig
WNT5A,WNT1,cd4t_stim8hr,2.2252159115159884,nonsig
IFFO1,IFFO2,cd4t_stim8hr,2.2258254140615463,nonsig
SLAMF8,SLAMF7,cd4t_stim8hr,2.069829687476158,nonsig
IL1RAPL1,IL1RL1,cd4t_stim8hr,40.00419796910137,nonsig
CREM,CREB1,cd4t_stim8hr,3.133121408522129,nonsig
HSPA4,HSPA8,cd4t_stim8hr,2.196658354252577,nonsig
HNRNPA3,HNRNPA1,cd4t_stim8hr,8.486430048942566,nonsig
HNRNPA2B1,HNRNPA1,cd4t_stim8hr,6.902473375201225,nonsig
HSP90AA1,HSP90AB1,cd4t_stim8hr,4.4279260486364365,nonsig
NLRP12,NLRP6,cd4t_stim8hr,5.957558894529939,nonsig
B3GALT6,B3GALT4,cd4t_stim8hr,2.6626884036231786,nonsig
EIF4A3,DDX1,cd4t_stim8hr,2.046702601015568,nonsig
DDX11,BRIP1,cd4t_stim8hr,3.296550340950489,nonsig
SLC2A4,SLC2A14,cd4t_stim8hr,3.986637488938868,nonsig
PITX2,SHOX,cd4t_stim8hr,2.4721909407526255,nonsig
ERGIC2,ERGIC1,cd4t_stim8hr,2.712006915360689,nonsig
PPIL1,CWC27,cd4t_stim8hr,2.077072709798813,nonsig
HOXA10,HOXD10,cd4t_stim8hr,2.6051848866045475,nonsig
HOXA10,HOXC9,cd4t_stim8hr,2.9572542645037174,nonsig
PCGF5,PCGF3,cd4t_stim8hr,2.575006201863289,nonsig
ST14,TMPRSS13,cd4t_stim8hr,4.117232590913773,nonsig
LARP1B,LARP1,cd4t_stim8hr,2.1868460327386856,nonsig
VDAC2,VDAC1,cd4t_stim8hr,2.10554201900959,nonsig
SCAMP1,SCAMP4,cd4t_stim8hr,2.9426824264228344,nonsig
NKTR,PPIG,cd4t_stim8hr,2.068313166499138,nonsig
CES5A,CES2,cd4t_stim8hr,4.047315588220954,nonsig
HSP90AB1,HSP90B1,cd4t_stim8hr,2.388043835759163,nonsig
EML6,EML3,cd4t_stim8hr,2.3238072767853737,nonsig
WT1,EGR3,cd4t_stim8hr,3.4037700314074755,nonsig
SLC38A1,SLC38A6,cd4t_stim8hr,3.282140837807674,nonsig
SLC38A2,SLC38A6,cd4t_stim8hr,11.064835861325264,nonsig
CSNK1A1,CSNK1G3,cd4t_stim8hr,2.403295369818806,nonsig
MANEAL,MANEA,cd4t_stim8hr,2.0143383592367172,nonsig
FAF1,FAF2,cd4t_stim8hr,2.1226536221802235,nonsig
GNG3,GNG5,cd4t_stim8hr,6.6438551768660545,nonsig
ORAI2,ORAI1,cd4t_stim8hr,2.221039965748787,nonsig
HPGDS,GSTP1,cd4t_stim8hr,2.459416054189205,nonsig
TMED5,TMED9,cd4t_stim8hr,2.0227027982473373,nonsig
ZFP36L1,ZFP36L2,cd4t_stim8hr,3.03451743721962,nonsig
ZNF777,ZNF776,cd4t_stim8hr,2.7970989793539047,nonsig
HNRNPDL,HNRNPAB,cd4t_stim8hr,2.171303119510412,nonsig
TNKS2,TNKS,cd4t_stim8hr,2.450628258287906,nonsig
CA8,CA14,cd4t_stim8hr,2.134260531514883,nonsig
KIF5C,KIF22,cd4t_stim8hr,2.1563890799880028,nonsig
HMG20B,SMARCE1,cd4t_stim8hr,3.291905552148819,nonsig
SV2C,SV2A,cd4t_stim8hr,4.2646594271063805,nonsig
IQGAP3,IQGAP2,cd4t_stim8hr,2.0484838783740997,nonsig
ISG20,AEN,cd4t_stim8hr,2.808235317468643,nonsig
UBC,UBB,cd4t_stim8hr,2.992610737681389,nonsig
UBB,UBC,cd4t_stim8hr,7.522582240402699,nonsig
PDE8B,PDE1B,cd4t_stim8hr,2.3310063406825066,nonsig
OTP,PITX1,cd4t_stim8hr,14.75133516365895,nonsig
ELL3,ELL,cd4t_stim8hr,2.6140853613615036,nonsig
PMP2,FABP5,cd4t_stim8hr,9.935910057276487,nonsig
CHP1,CIB2,cd4t_stim8hr,3.218316063284874,nonsig
RND1,RHOF,cd4t_stim8hr,3.79347325861454,nonsig
DHX37,DHX40,cd4t_stim8hr,2.1368047297000885,nonsig
FAM24A,FAM24B,cd4t_stim8hr,2.7441591396927834,nonsig
LRRC8C,LRRC8B,cd4t_stim8hr,3.1368676498532295,nonsig
PITX1,ALX4,cd4t_stim8hr,2.72881430760026,nonsig
ZNF667,ZNF671,cd4t_stim8hr,2.154608780518174,nonsig
BMP10,BMP8B,cd4t_stim8hr,2.236486244946718,nonsig
PTGDR,PTGER3,cd4t_stim8hr,2.1584553122520447,nonsig
PTGDR,PTGER2,cd4t_stim8hr,7.598062694072723,nonsig
PTGIR,PTGER2,cd4t_stim8hr,2.18852249532938,nonsig
PRKAR2B,PRKAR1B,cd4t_stim8hr,3.1054100543260574,nonsig
ATP2B4,ATP2A2,cd4t_stim8hr,2.4497727751731873,nonsig
ATP2A2,ATP2B1,cd4t_stim8hr,2.1194148808717728,nonsig
SIGLEC5,CD33,cd4t_stim8hr,2.7359793819487095,nonsig
FZD8,FZD6,cd4t_stim8hr,2.093207284808159,nonsig
LILRA5,OSCAR,cd4t_stim8hr,12.77863397449255,nonsig
PTK2B,LCK,cd4t_stim8hr,3.358143851161003,nonsig
PTK2B,ZAP70,cd4t_stim8hr,2.8720238655805588,nonsig
PDE2A,PDE5A,cd4t_stim8hr,3.113394245505333,nonsig
SEMA4C,SEMA4F,cd4t_stim8hr,2.024396076798439,nonsig
RARA,NR1H2,cd4t_stim8hr,2.793805442750454,nonsig
CMPK1,AK3,cd4t_stim8hr,2.8541530072689056,nonsig
HNRNPDL,HNRNPD,cd4t_stim8hr,2.4596484564244747,nonsig
HNRNPD,HNRNPDL,cd4t_stim8hr,2.0837588757276535,nonsig
HNRNPA3,HNRNPDL,cd4t_stim8hr,2.5640588998794556,nonsig
MAL2,PLLP,cd4t_stim8hr,2.1499724239110947,nonsig
MAP3K11,MAP3K12,cd4t_stim8hr,2.484524644911289,nonsig
IRF8,IRF4,cd4t_stim8hr,2.664181023836136,nonsig
PMPCB,UQCRC1,cd4t_stim8hr,3.673907265067101,nonsig
SEBOX,PRRX2,cd4t_stim8hr,11.572300523519516,nonsig
IVD,ACADS,cd4t_stim8hr,2.016854874789715,nonsig
P2RX5,P2RX4,cd4t_stim8hr,2.0925048142671585,nonsig
FZD7,FZD6,cd4t_stim8hr,2.1054587587714195,nonsig
SOX5,SOX6,cd4t_stim8hr,2.9752292782068253,nonsig
MYLK4,STK11,cd4t_stim8hr,2.1298072561621666,nonsig
MDM2,MDM4,cd4t_stim8hr,3.5022282525897026,nonsig
ZNF44,ZNF57,cd4t_stim8hr,2.000227689743042,nonsig
FURIN,PCSK6,cd4t_stim8hr,2.2514850944280624,nonsig
STAT6,STAT5B,cd4t_stim8hr,3.0754876285791397,nonsig
STAT3,STAT5B,cd4t_stim8hr,2.4489344879984856,nonsig
DNAH14,DNAH3,cd4t_stim8hr,4.38056617975235,nonsig
TINAGL1,CTSS,cd4t_stim8hr,7.55823830049485,nonsig
NLRP13,NLRP2,cd4t_stim8hr,9.532903116196394,nonsig
CD3D,CD3E,cd4t_stim8hr,2.327726099640131,nonsig
ALX3,MIXL1,cd4t_stim8hr,4.1717225182801485,nonsig
ACVR1C,BMPR2,cd4t_stim8hr,3.52275400608778,nonsig
CLCN3,CLCN7,cd4t_stim8hr,2.2750427555292845,nonsig
ACVR1,BMPR2,cd4t_stim8hr,2.3604524433612823,nonsig
SLC26A7,SLC26A5,cd4t_stim8hr,2.991628237068653,nonsig
ERC2,ERC1,cd4t_stim8hr,2.8309819251298904,nonsig
HOXD8,HOXD4,cd4t_stim8hr,4.18725747987628,nonsig
CLEC2D,CD69,cd4t_stim8hr,2.5060840025544167,nonsig
FUBP1,KHSRP,cd4t_stim8hr,3.1235886942595243,nonsig
CLEC2B,CD69,cd4t_stim8hr,2.3281620666384697,nonsig
BICRAL,BICRA,cd4t_stim8hr,2.0451094806194305,nonsig
CERS3,CERS4,cd4t_stim8hr,2.855527762323618,nonsig
CACNA1G,SCN8A,cd4t_stim8hr,2.695259314961731,nonsig
USP48,USP7,cd4t_stim8hr,2.3839545845985413,nonsig
KCNH3,KCNH2,cd4t_stim8hr,2.313074704259634,nonsig
R3HDM1,R3HDM2,cd4t_stim8hr,2.711428850889206,nonsig
ELL2,ELL,cd4t_stim8hr,2.4462364315986633,nonsig
USF2,USF1,cd4t_stim8hr,2.7646889239549637,nonsig
SP3,SP2,cd4t_stim8hr,2.196992190554738,nonsig
TRIB2,STK40,cd4t_stim8hr,2.0049376785755157,nonsig
CREB1,ATF1,cd4t_stim8hr,2.29370596120134,nonsig
HNRNPA3,HNRNPA2B1,cd4t_stim8hr,6.150873064994812,nonsig
HNRNPA2B1,HNRNPA3,cd4t_stim8hr,2.178427621722222,nonsig
FGB,ANGPT2,cd4t_stim8hr,3.362680196762085,nonsig
JAK3,LCK,cd4t_stim8hr,5.738689661026001,nonsig
NIM1K,SIK2,cd4t_stim8hr,2.405664011836052,nonsig
AKR1A1,AKR7A2,cd4t_stim8hr,2.1696072593331337,nonsig
ADH1C,CRYZ,cd4t_stim8hr,7.314138665795326,nonsig
GBP2,GBP5,cd4t_stim8hr,2.0088708698749542,nonsig
GBP4,GBP5,cd4t_stim8hr,4.298111125826836,nonsig
CEACAM16,CEACAM21,cd4t_stim8hr,18.833922568708655,nonsig
SLC30A2,SLC30A1,cd4t_stim8hr,12.409351544454694,nonsig
CACNA1C,SCN8A,cd4t_stim8hr,2.158628881443292,nonsig
DVL3,DVL1,cd4t_stim8hr,2.480471432209015,nonsig
POC1B,SNRNP40,cd4t_stim8hr,3.3584775030612946,nonsig
PDIA3,PDIA6,cd4t_stim8hr,5.4599605137482285,nonsig
ARHGAP15,ARHGAP27,cd4t_stim8hr,2.0947230756282806,nonsig
PAX8,PAX6,cd4t_stim8hr,5.095526024699211,nonsig
ZC3H6,ZC3H4,cd4t_stim8hr,4.392412189394236,nonsig
KHDRBS3,KHDRBS1,cd4t_stim8hr,2.0412698090076447,nonsig
SCN9A,CACNA1E,cd4t_stim8hr,2.7590885013341904,nonsig
DDX20,EIF4A1,cd4t_stim8hr,2.2631252966821194,nonsig
RELB,REL,cd4t_stim8hr,3.8908159285783768,nonsig
WDR5B,SNRNP40,cd4t_stim8hr,2.0727937910705805,nonsig
RASGRP4,RASGRP1,cd4t_stim8hr,3.940460845828056,nonsig
IRX6,IRX4,cd4t_stim8hr,12.217456138692796,nonsig
USP38,USP35,cd4t_stim8hr,2.045014292001724,nonsig
ZNF302,ZNF497,cd4t_stim8hr,2.06905298680067,nonsig
CERS4,CERS5,cd4t_stim8hr,2.3727821428328753,nonsig
IRX5,IRX3,cd4t_stim8hr,2.664075464010238,nonsig
STAT6,STAT3,cd4t_stim8hr,2.7524938732385635,nonsig
UBE2W,UBE2T,cd4t_stim8hr,2.1194730773568153,nonsig
PDE1A,PDE4B,cd4t_stim8hr,3.137896928936243,nonsig
MEIS1,MEIS2,cd4t_stim8hr,3.060636952519417,nonsig
IL36B,IL36RN,cd4t_stim8hr,9.349928755313158,nonsig
FBXO17,FBXO2,cd4t_stim8hr,8.698100404813886,nonsig
SLC38A2,SLC38A1,cd4t_stim8hr,3.2521284371614456,nonsig
HSPA1B,HSPA8,cd4t_stim8hr,7.337791055440903,nonsig
CALCOCO1,CALCOCO2,cd4t_stim8hr,2.778373386710882,nonsig
CLMP,VSIG2,cd4t_stim8hr,3.881235711276531,nonsig
FBXO27,FBXO2,cd4t_stim8hr,2.573864847421646,nonsig
TRIB1,STK40,cd4t_stim8hr,2.8348085209727287,nonsig
STAT1,STAT3,cd4t_stim8hr,4.117135271430016,nonsig
STAT4,STAT3,cd4t_stim8hr,2.7058719024062157,nonsig
TXNIP,ARRDC4,cd4t_stim8hr,3.303642340004444,nonsig
SCN3A,CACNA1A,cd4t_stim8hr,2.111203782260418,nonsig
AZIN1,ODC1,cd4t_stim8hr,5.090611696243286,nonsig
NFE2L2,NFE2L1,cd4t_stim8hr,2.9324617870151997,nonsig
PER3,PER1,cd4t_stim8hr,2.541417833417654,nonsig
MYCN,MYC,cd4t_stim8hr,2.1343642473220825,nonsig
PUM1,PUM2,cd4t_stim8hr,2.5435085892677307,nonsig
PUM2,PUM1,cd4t_stim8hr,5.956020824611187,nonsig
MEIS1,MEIS3,cd4t_stim8hr,2.106364205479622,nonsig
HEY1,HES2,cd4t_stim8hr,2.3296570032835007,nonsig
MYCL,MYC,cd4t_stim8hr,3.323413008823991,nonsig
FZD5,FZD6,cd4t_stim8hr,2.3400540500879288,nonsig
SEMA3F,SEMA4F,cd4t_stim8hr,2.017116606235504,nonsig
DLX2,DLX1,cd4t_stim8hr,2.5113776475191116,nonsig
S100A9,S100A5,cd4t_stim8hr,3.53718646755442,nonsig
FCGR2B,FCGR2A,cd4t_stim8hr,3.7759831873700023,nonsig
IFI16,AIM2,cd4t_stim8hr,2.162384908646345,nonsig
SLAMF6,SLAMF1,cd4t_stim8hr,2.802754517644644,nonsig
SRSF8,SRSF2,cd4t_stim48hr,2.947579220868647,sig
RAB31,RAB10,cd4t_stim48hr,4.576144360005856,sig
DDX39A,DDX39B,cd4t_stim48hr,3.169711247086525,sig
DDX17,DDX5,cd4t_stim48hr,2.226026356220246,sig
EIF1AY,EIF1AX,cd4t_stim48hr,2.07560858130455,sig
SOX1,SRY,cd4t_stim48hr,2.8386146556586027,nonsig
NLGN4Y,CES2,cd4t_stim48hr,3.239452963229269,nonsig
KPNA3,KPNA6,cd4t_stim48hr,2.4369773119688034,nonsig
GPR12,S1PR1,cd4t_stim48hr,3.6261851862072945,nonsig
FOXO4,FOXO1,cd4t_stim48hr,2.2183307209052145,nonsig
DIS3L2,DIS3,cd4t_stim48hr,3.003025531768799,nonsig
PTPN2,PTPN1,cd4t_stim48hr,2.610032930970192,nonsig
ANGPT4,ANGPTL4,cd4t_stim48hr,2.0058819577097893,nonsig
RBM27,RBM26,cd4t_stim48hr,2.1831279322504997,nonsig
SNRPA,SNRPB2,cd4t_stim48hr,5.710946217179298,nonsig
SLC23A3,SLC23A2,cd4t_stim48hr,2.579745762050152,nonsig
DHX30,DHX35,cd4t_stim48hr,2.3395023867487907,nonsig
ATP9A,ATP8A2,cd4t_stim48hr,3.309761196374893,nonsig
PDS5A,PDS5B,cd4t_stim48hr,2.568840302526951,nonsig
OLIG2,BHLHE23,cd4t_stim48hr,4.2168961353600025,nonsig
ATP8A2,ATP11B,cd4t_stim48hr,2.6955695152282715,nonsig
SS18L2,SS18L1,cd4t_stim48hr,2.1215024143457413,nonsig
LIPG,LPL,cd4t_stim48hr,2.436364082619548,nonsig
IL17C,IL17D,cd4t_stim48hr,2.5647672563791275,nonsig
TPTE,PTEN,cd4t_stim48hr,2.8061407169152517,nonsig
TCEA3,TCEA2,cd4t_stim48hr,2.085810460150242,nonsig
NLGN4X,CES4A,cd4t_stim48hr,3.919775592163205,nonsig
MSI1,HNRNPA1L2,cd4t_stim48hr,2.3703353367745876,nonsig
ZIC2,ZIC5,cd4t_stim48hr,3.3548754826188087,nonsig
SOCS4,SOCS2,cd4t_stim48hr,2.250119771808386,nonsig
BIRC7,XIAP,cd4t_stim48hr,4.963288478553295,nonsig
LTBP2,LTBP4,cd4t_stim48hr,2.3386098630726337,nonsig
PSPC1,NONO,cd4t_stim48hr,4.222024206537753,nonsig
PTPRF,PTPRM,cd4t_stim48hr,2.4807520508766174,nonsig
ISCA1,ISCA2,cd4t_stim48hr,3.033137650229037,nonsig
ST14,TMPRSS6,cd4t_stim48hr,4.252848148345947,nonsig
CHST5,CHST7,cd4t_stim48hr,2.6614198721945286,nonsig
UPB1,NIT1,cd4t_stim48hr,3.1669134572148323,nonsig
RGS5,RGS6,cd4t_stim48hr,2.170430824160576,nonsig
FERD3L,PTF1A,cd4t_stim48hr,15.508739510551097,nonsig
BCL2A1,BCL2L1,cd4t_stim48hr,2.1816552132368088,nonsig
MAPK1,MAPK9,cd4t_stim48hr,2.382118694484234,nonsig
HSPA9,HSPH1,cd4t_stim48hr,3.2135128676891327,nonsig
HSPA1B,HSPH1,cd4t_stim48hr,3.425353452563286,nonsig
HSPA1A,HSPH1,cd4t_stim48hr,3.485598109662533,nonsig
HYOU1,HSPH1,cd4t_stim48hr,2.0711949318647385,nonsig
HSPA4,HSPH1,cd4t_stim48hr,2.5469118803739548,nonsig
HSPA8,HSPH1,cd4t_stim48hr,3.1973354555666447,nonsig
HSPH1,HSPA8,cd4t_stim48hr,2.15096864104271,nonsig
MAPK15,MOK,cd4t_stim48hr,2.979626003652811,nonsig
HDGFL2,PSIP1,cd4t_stim48hr,2.0098084583878517,nonsig
KIF5B,KIF3B,cd4t_stim48hr,2.645224705338478,nonsig
PSMC2,PSMC1,cd4t_stim48hr,3.2010409384965897,nonsig
PSMC6,PSMC1,cd4t_stim48hr,6.129113391041756,nonsig
PSMC1,PSMC5,cd4t_stim48hr,5.732842266559601,nonsig
APOBEC3D,APOBEC3G,cd4t_stim48hr,2.586545553058386,nonsig
BHLHE22,OLIG2,cd4t_stim48hr,2.037998393177986,nonsig
CTSZ,CTSK,cd4t_stim48hr,2.1917030587792397,nonsig
SUN2,SUN1,cd4t_stim48hr,2.7761127427220345,nonsig
SH3GL2,SH3GLB1,cd4t_stim48hr,2.5879150927066803,nonsig
SLC2A9,SLC2A13,cd4t_stim48hr,2.169979751110077,nonsig
ABCA12,ABCA3,cd4t_stim48hr,8.794909284450114,nonsig
ABCA2,ABCA3,cd4t_stim48hr,2.0494877099990845,nonsig
PAX5,PAX9,cd4t_stim48hr,2.0998176224529743,nonsig
PAX6,PAX5,cd4t_stim48hr,8.498114347457886,nonsig
HMGB2,TFAM,cd4t_stim48hr,2.593355491757393,nonsig
MSX1,MSX2,cd4t_stim48hr,3.0942970775067806,nonsig
PAPOLB,PAPOLG,cd4t_stim48hr,2.194077603518963,nonsig
C1GALT1C1L,C1GALT1,cd4t_stim48hr,2.367258872836828,nonsig
KAT6B,KAT7,cd4t_stim48hr,3.8806736790575087,nonsig
OSBPL1A,OSBPL3,cd4t_stim48hr,2.0692448765039444,nonsig
GNA14,GNAI2,cd4t_stim48hr,2.44700263813138,nonsig
ZFAND3,ZFAND5,cd4t_stim48hr,2.4308861047029495,nonsig
EP300,CREBBP,cd4t_stim48hr,2.1403851099312305,nonsig
UBE2H,UBE2C,cd4t_stim48hr,2.191238310188055,nonsig
UBE2K,UBE2C,cd4t_stim48hr,2.0309705063700676,nonsig
UBE2C,UBE2T,cd4t_stim48hr,4.7056542336940765,nonsig
UBE2B,UBE2C,cd4t_stim48hr,2.648654729127884,nonsig
UBE2S,UBE2C,cd4t_stim48hr,2.16255484521389,nonsig
SP1,SP4,cd4t_stim48hr,3.711555033922195,nonsig
SP4,SP1,cd4t_stim48hr,2.280548084527254,nonsig
OCIAD1,OCIAD2,cd4t_stim48hr,2.6270668879151344,nonsig
ETV7,ETV6,cd4t_stim48hr,2.1107077300548553,nonsig
PNMA6F,PNMA3,cd4t_stim48hr,6.092195726931095,nonsig
TNRC6B,TNRC6A,cd4t_stim48hr,2.39399441331625,nonsig
RASA2,RASA3,cd4t_stim48hr,2.120525538921356,nonsig
RHOBTB1,RAC3,cd4t_stim48hr,3.2365711107850075,nonsig
CLEC7A,KLRD1,cd4t_stim48hr,3.1492901341989636,nonsig
KLRG1,CLEC7A,cd4t_stim48hr,2.836914837360382,nonsig
CLEC12A,CLEC7A,cd4t_stim48hr,3.0075083691626787,nonsig
SMAD7,SMAD4,cd4t_stim48hr,2.40769000351429,nonsig
SMAD7,SMAD3,cd4t_stim48hr,2.2347583323717117,nonsig
CPD,CPM,cd4t_stim48hr,2.078345015645027,nonsig
ING2,ING1,cd4t_stim48hr,2.5893973195925355,nonsig
ARSH,ARSB,cd4t_stim48hr,25.734862233512104,nonsig
PPP2R2C,PPP2R2A,cd4t_stim48hr,2.067741565289907,nonsig
MAPK14,MAPK11,cd4t_stim48hr,2.048921264708042,nonsig
MAPK11,MAPK14,cd4t_stim48hr,3.535058468580246,nonsig
ZNF711,ZFX,cd4t_stim48hr,3.417629361152649,nonsig
RUNX1,RUNX2,cd4t_stim48hr,2.023281319066882,nonsig
BRSK2,NUAK2,cd4t_stim48hr,2.135438434779644,nonsig
HMGB4,HMGB1,cd4t_stim48hr,4.366201665252447,nonsig
YME1L1,AFG3L2,cd4t_stim48hr,4.565454386174679,nonsig
GDF6,BMP6,cd4t_stim48hr,14.007160109002143,nonsig
BMP7,BMP6,cd4t_stim48hr,2.345100022852421,nonsig
GALNT12,GALNT18,cd4t_stim48hr,2.5494977738708258,nonsig
CXCL6,CXCL11,cd4t_stim48hr,5.53742219042033,nonsig
PNMA6A,ZCCHC18,cd4t_stim48hr,3.129633143544197,nonsig
S1PR5,S1PR4,cd4t_stim48hr,3.325728427618742,nonsig
ZNF280A,ZNF280C,cd4t_stim48hr,5.512385107576847,nonsig
CPXM2,CPXM1,cd4t_stim48hr,3.3404112085700035,nonsig
GMEB2,GMEB1,cd4t_stim48hr,5.221791159361601,nonsig
TNIP1,TNIP3,cd4t_stim48hr,2.2300296183675528,nonsig
RNASE7,RNASE1,cd4t_stim48hr,3.365159484557807,nonsig
PLCL2,PLCB2,cd4t_stim48hr,2.260268710553646,nonsig
PLCL2,PLCG1,cd4t_stim48hr,4.9181792959570885,nonsig
ABCC3,ABCC2,cd4t_stim48hr,3.737940803170204,nonsig
GALNT6,GALNT12,cd4t_stim48hr,2.015030413866043,nonsig
TCF24,TCF15,cd4t_stim48hr,2.029461294412613,nonsig
SLTM,SAFB,cd4t_stim48hr,2.0392591799609363,nonsig
SAFB2,SAFB,cd4t_stim48hr,2.086168454028666,nonsig
DUSP15,DUSP3,cd4t_stim48hr,2.133446503430605,nonsig
CA13,CA10,cd4t_stim48hr,3.0611404925584793,nonsig
CA3,CA10,cd4t_stim48hr,3.499016225337982,nonsig
TGFB3,GDF11,cd4t_stim48hr,2.8093916475772858,nonsig
ZHX2,ZHX3,cd4t_stim48hr,4.529355876147747,nonsig
CMTM6,CMTM7,cd4t_stim48hr,3.9951314898207784,nonsig
CABP7,CALM2,cd4t_stim48hr,2.4098748341202736,nonsig
PTPRS,PTPRA,cd4t_stim48hr,2.2563356468454003,nonsig
DUSP9,DUSP14,cd4t_stim48hr,2.257532015442848,nonsig
EPB41L4A,EPB41L5,cd4t_stim48hr,3.5402369648218155,nonsig
PLCL1,PLCG1,cd4t_stim48hr,2.1594855710864067,nonsig
PAQR5,PAQR4,cd4t_stim48hr,2.498389560729265,nonsig
CTNNA2,VCL,cd4t_stim48hr,5.011859372258186,nonsig
RAX2,ALX1,cd4t_stim48hr,3.333031866699457,nonsig
PTPN9,PTPN1,cd4t_stim48hr,2.79098747856915,nonsig
ZNF174,ZKSCAN2,cd4t_stim48hr,2.025382064282894,nonsig
L1CAM,NFASC,cd4t_stim48hr,2.7764157094061375,nonsig
POU3F2,POU3F1,cd4t_stim48hr,4.866536852903664,nonsig
CD109,A2M,cd4t_stim48hr,2.098133137915283,nonsig
ANKRD26,ANKRD18A,cd4t_stim48hr,2.0165967475622892,nonsig
MBD3,MBD2,cd4t_stim48hr,2.0723288636654615,nonsig
SLC6A8,SLC6A6,cd4t_stim48hr,2.2704283744096756,nonsig
PDE11A,PDE6C,cd4t_stim48hr,2.4880262035876513,nonsig
HSPA1B,HSPA14,cd4t_stim48hr,3.342191621661186,nonsig
HSPA1A,HSPA14,cd4t_stim48hr,2.8534112200140953,nonsig
RNF40,RNF20,cd4t_stim48hr,4.605650253593922,nonsig
RNF20,RNF40,cd4t_stim48hr,8.006310073658824,nonsig
GLI3,GLIS2,cd4t_stim48hr,3.086635544896126,nonsig
TSSK2,PRKAA1,cd4t_stim48hr,3.764580592513085,nonsig
MIXL1,GSC2,cd4t_stim48hr,2.7850422263145447,nonsig
ENPP5,ENPP1,cd4t_stim48hr,4.5473718866705894,nonsig
TSPYL4,TSPYL5,cd4t_stim48hr,2.397613129578531,nonsig
DUSP5,STYXL1,cd4t_stim48hr,2.5591166373342276,nonsig
LGALS9C,LGALS4,cd4t_stim48hr,2.437098365277052,nonsig
SLC7A6,SLC7A11,cd4t_stim48hr,3.128585174679756,nonsig
ANO5,ANO10,cd4t_stim48hr,3.323548324406147,nonsig
ASXL3,ASXL1,cd4t_stim48hr,4.896430566906929,nonsig
ASXL3,ASXL2,cd4t_stim48hr,6.9648991376161575,nonsig
PRPSAP2,PRPS2,cd4t_stim48hr,2.49883833527565,nonsig
STK10,STK3,cd4t_stim48hr,2.9666726291179657,nonsig
TSSK4,SIK2,cd4t_stim48hr,2.6057492569088936,nonsig
HACE1,NEDD4,cd4t_stim48hr,2.987673182040453,nonsig
SMARCC2,SMARCC1,cd4t_stim48hr,2.0072336308658123,nonsig
RRAGB,RRAGC,cd4t_stim48hr,2.440697029232979,nonsig
FEZ1,FEZ2,cd4t_stim48hr,2.0426753386855125,nonsig
NFATC3,NFATC4,cd4t_stim48hr,2.1140450341627,nonsig
STX1B,STX5,cd4t_stim48hr,2.077538624405861,nonsig
HYAL4,HYAL2,cd4t_stim48hr,3.1240398585796356,nonsig
SLC12A7,SLC12A2,cd4t_stim48hr,2.667241028510034,nonsig
ACBD5,ACBD4,cd4t_stim48hr,2.258693043142557,nonsig
RHOD,RHOA,cd4t_stim48hr,3.4984604232013226,nonsig
UBE2V1,UBE2T,cd4t_stim48hr,2.0010799765586853,nonsig
DNAJB11,DNAJB9,cd4t_stim48hr,2.6978580206632614,nonsig
DNAJB9,DNAJB11,cd4t_stim48hr,3.031536966562271,nonsig
CHD7,CHD8,cd4t_stim48hr,2.14183236961253,nonsig
CHD8,CHD9,cd4t_stim48hr,2.2917001750320196,nonsig
LIN28B,YBX3,cd4t_stim48hr,2.0118160992860794,nonsig
LIN28B,YBX2,cd4t_stim48hr,2.3013458997011185,nonsig
HNRNPLL,PTBP1,cd4t_stim48hr,2.8198920488357544,nonsig
MT1M,MT3,cd4t_stim48hr,2.566060835495591,nonsig
ZNF730,ZNF737,cd4t_stim48hr,2.018440969288349,nonsig
TBX3,TBX18,cd4t_stim48hr,2.9597815480083227,nonsig
ZNF723,ZNF273,cd4t_stim48hr,2.935992546379566,nonsig
RC3H2,RC3H1,cd4t_stim48hr,2.32260000705719,nonsig
THRAP3,BCLAF1,cd4t_stim48hr,3.3076938688755035,nonsig
BCLAF1,THRAP3,cd4t_stim48hr,5.924880526959896,nonsig
PARP12,TIPARP,cd4t_stim48hr,2.143073622137308,nonsig
MLLT10,MLLT6,cd4t_stim48hr,3.5163416117429733,nonsig
SFPQ,NONO,cd4t_stim48hr,4.152283355593681,nonsig
NR1H4,PPARD,cd4t_stim48hr,3.4451542077586055,nonsig
AP3M1,AP4M1,cd4t_stim48hr,2.1484350487589836,nonsig
HERC6,HERC4,cd4t_stim48hr,2.478928060270846,nonsig
SULT4A1,SULT1A3,cd4t_stim48hr,2.544032633304596,nonsig
PPP4C,PPP1CC,cd4t_stim48hr,2.5093628019094467,nonsig
PLXNB1,PLXNC1,cd4t_stim48hr,2.6375734619796276,nonsig
ING5,ING2,cd4t_stim48hr,2.998192593455314,nonsig
YPEL3,YPEL2,cd4t_stim48hr,2.792016826570034,nonsig
PTGR3,MECR,cd4t_stim48hr,2.2157144714146852,nonsig
SHOX2,ARX,cd4t_stim48hr,3.2638015747070312,nonsig
ARX,PITX3,cd4t_stim48hr,2.304886946454644,nonsig
HIPK4,HIPK2,cd4t_stim48hr,2.1449810788035393,nonsig
GSC,PHOX2A,cd4t_stim48hr,2.1597913317382336,nonsig
GRK6,GRK3,cd4t_stim48hr,2.5168812572956085,nonsig
DNAH6,DNAH17,cd4t_stim48hr,3.3023193143308163,nonsig
DDX50,EIF4A1,cd4t_stim48hr,3.690081693232059,nonsig
CRX,OTX1,cd4t_stim48hr,4.211732041090727,nonsig
BATF3,BATF,cd4t_stim48hr,2.4209756702184677,nonsig
PNMA2,ZCCHC18,cd4t_stim48hr,2.4784907791763544,nonsig
SLC49A3,FLVCR2,cd4t_stim48hr,2.8993054013699293,nonsig
ALDH1A1,ALDH8A1,cd4t_stim48hr,18.708861756138504,nonsig
SOCS2,SOCS3,cd4t_stim48hr,4.042994681745768,nonsig
PTCH2,NPC1,cd4t_stim48hr,3.1710682809352875,nonsig
ARG2,ARG1,cd4t_stim48hr,2.197622075676918,nonsig
RAET1L,HLA-G,cd4t_stim48hr,3.864216968417168,nonsig
E2F8,E2F7,cd4t_stim48hr,2.101479582488537,nonsig
NKX2-1,NKX2-8,cd4t_stim48hr,3.0965805761516094,nonsig
PAX9,PAX1,cd4t_stim48hr,2.0689905509352684,nonsig
PAX3,PAX9,cd4t_stim48hr,2.8709756769239902,nonsig
PAX9,PAX4,cd4t_stim48hr,3.794741950929165,nonsig
CTCFL,ZNF184,cd4t_stim48hr,9.539123613387346,nonsig
LIPJ,LIPA,cd4t_stim48hr,2.867045655846596,nonsig
EML4,EML2,cd4t_stim48hr,2.123669818043709,nonsig
OGDHL,OGDH,cd4t_stim48hr,2.7811404168605804,nonsig
PDIA2,PDIA6,cd4t_stim48hr,3.140321211889386,nonsig
CMA1,GZMH,cd4t_stim48hr,4.979999657720327,nonsig
GZMH,GZMB,cd4t_stim48hr,3.2809727266430855,nonsig
KLK13,GZMH,cd4t_stim48hr,2.9416445456445217,nonsig
MAP3K20,MAP3K12,cd4t_stim48hr,2.0501574435829752,nonsig
CALCRL,VIPR2,cd4t_stim48hr,2.566287100315094,nonsig
GLI3,ZIC1,cd4t_stim48hr,2.7986967116594315,nonsig
RAX2,ESX1,cd4t_stim48hr,2.8582818247377872,nonsig
CABP5,CALM1,cd4t_stim48hr,2.6804532445967197,nonsig
CABP5,CETN2,cd4t_stim48hr,3.262419644743204,nonsig
ZNF274,ZKSCAN2,cd4t_stim48hr,2.417880930006504,nonsig
SUDS3,BRMS1,cd4t_stim48hr,2.560932695865631,nonsig
MAP2K4,MAP2K5,cd4t_stim48hr,2.0093308687210083,nonsig
PPIL4,PPIH,cd4t_stim48hr,2.7775677107274532,nonsig
TIA1,TIAL1,cd4t_stim48hr,3.69511135481298,nonsig
TRNAU1AP,TIAL1,cd4t_stim48hr,2.942352093756199,nonsig
ADCY7,ADCY4,cd4t_stim48hr,2.3078266866505146,nonsig
SPHK2,SPHK1,cd4t_stim48hr,3.14491019397974,nonsig
NOS3,NDOR1,cd4t_stim48hr,3.893384285271168,nonsig
UBE2R2,UBE2I,cd4t_stim48hr,2.935622082935879,nonsig
UBE2R2,UBE2A,cd4t_stim48hr,2.072820292698452,nonsig
UBE2W,UBE2R2,cd4t_stim48hr,2.1294928565621376,nonsig
SLC16A8,SLC16A5,cd4t_stim48hr,5.185130978003144,nonsig
SLC9A3,SLC9A9,cd4t_stim48hr,3.726409582421184,nonsig
TINAGL1,CTSL,cd4t_stim48hr,4.663774221873609,nonsig
RAPGEF4,RAPGEFL1,cd4t_stim48hr,2.42609816044569,nonsig
SCNN1A,ASIC3,cd4t_stim48hr,5.835056878626347,nonsig
MAP2K6,MAP4K2,cd4t_stim48hr,2.017204076051712,nonsig
SLK,MAP4K2,cd4t_stim48hr,2.8634508149698377,nonsig
RSBN1L,RSBN1,cd4t_stim48hr,2.087942014914006,nonsig
PHC2,PHC3,cd4t_stim48hr,2.188296351581812,nonsig
TBL1X,TBL1XR1,cd4t_stim48hr,6.04723496735096,nonsig
ADAM11,ADAM19,cd4t_stim48hr,4.340060140937567,nonsig
GMFB,GMFG,cd4t_stim48hr,2.172016642987728,nonsig
HAND2,TCF24,cd4t_stim48hr,10.459241267293692,nonsig
IGLL1,IGLL5,cd4t_stim48hr,4.732755023054779,nonsig
HBA2,HBB,cd4t_stim48hr,2.3163788244128227,nonsig
RRAGD,RRAGA,cd4t_stim48hr,2.375631168484688,nonsig
LETM2,LETM1,cd4t_stim48hr,2.3186255283653736,nonsig
RRAGD,RRAGC,cd4t_stim48hr,2.6174870282411575,nonsig
INHBB,BMP8B,cd4t_stim48hr,4.236217571422458,nonsig
PMP22,EMP1,cd4t_stim48hr,2.918490543961525,nonsig
PAX1,PAX4,cd4t_stim48hr,7.3967216201126575,nonsig
CHCHD10,CHCHD2,cd4t_stim48hr,2.2864765226840973,nonsig
LGALS3,LGALS9,cd4t_stim48hr,2.0696675553917885,nonsig
TSPYL1,TSPYL5,cd4t_stim48hr,2.6225447226315737,nonsig
TBX3,TBX5,cd4t_stim48hr,6.0486546959728,nonsig
SIM1,NPAS1,cd4t_stim48hr,2.6568261981010437,nonsig
CALM3,CALM2,cd4t_stim48hr,2.316509122028947,nonsig
ABCD4,ABCD2,cd4t_stim48hr,2.791437946259975,nonsig
DUSP28,DUSP18,cd4t_stim48hr,2.215999059379101,nonsig
ECE2,PHEX,cd4t_stim48hr,2.7288330011069775,nonsig
TTLL9,TTLL1,cd4t_stim48hr,4.250827050061616,nonsig
PGLYRP4,PGLYRP1,cd4t_stim48hr,3.061733255162835,nonsig
CNTNAP2,CNTNAP1,cd4t_stim48hr,4.767618392594159,nonsig
ZNF485,ZNF808,cd4t_stim48hr,2.0437039881944656,nonsig
DHX8,DHX36,cd4t_stim48hr,2.337295213714242,nonsig
DHX36,DHX9,cd4t_stim48hr,2.68806729093194,nonsig
ITGA10,ITGAM,cd4t_stim48hr,2.8846442624926567,nonsig
TBX5,TBX19,cd4t_stim48hr,3.840232253074646,nonsig
TBX5,TBX21,cd4t_stim48hr,3.2707654237747192,nonsig
SIGLEC11,SIGLEC9,cd4t_stim48hr,2.516680659726262,nonsig
GMPR,IMPDH2,cd4t_stim48hr,3.4825983867049217,nonsig
ITGAD,ITGAE,cd4t_stim48hr,2.3115839920938015,nonsig
HNRNPH3,HNRNPH1,cd4t_stim48hr,5.624985419213772,nonsig
CHST1,CHST2,cd4t_stim48hr,2.393178917467594,nonsig
CHST3,CHST2,cd4t_stim48hr,2.911638043820858,nonsig
KLK3,KLK1,cd4t_stim48hr,5.8877056166529655,nonsig
LAMB2,LAMB1,cd4t_stim48hr,2.9787333384156227,nonsig
EDEM2,EDEM1,cd4t_stim48hr,2.005214251577854,nonsig
DPYS,DPYSL4,cd4t_stim48hr,3.7948458902537823,nonsig
TP53INP1,TP53INP2,cd4t_stim48hr,2.391548439860344,nonsig
B3GALT1,B3GNT5,cd4t_stim48hr,3.458759032189846,nonsig
FXYD2,FXYD7,cd4t_stim48hr,2.3282341733574867,nonsig
PNMA1,PNMA5,cd4t_stim48hr,2.3610287830233574,nonsig
FUS,EWSR1,cd4t_stim48hr,5.35819786041975,nonsig
GNAO1,GNAS,cd4t_stim48hr,2.1913817524909973,nonsig
COX6B2,COX6B1,cd4t_stim48hr,2.4773537069559097,nonsig
UBE2G1,UBE2S,cd4t_stim48hr,2.490400977432728,nonsig
LPAR4,P2RY8,cd4t_stim48hr,2.574849994853139,nonsig
SEMA4D,SEMA4F,cd4t_stim48hr,2.479897117242217,nonsig
AKR1C2,AKR1A1,cd4t_stim48hr,5.574694894254208,nonsig
AKR1C2,KCNAB3,cd4t_stim48hr,3.197360537946224,nonsig
C1R,C1S,cd4t_stim48hr,2.5558675825595856,nonsig
CRIP2,LMO4,cd4t_stim48hr,7.325590491294861,nonsig
LHX6,LMO4,cd4t_stim48hr,7.109626688063145,nonsig
DAZAP1,RBM3,cd4t_stim48hr,2.6115919649600983,nonsig
CPT1C,CROT,cd4t_stim48hr,2.336255267262459,nonsig
PSMC4,PSMC5,cd4t_stim48hr,2.001963645219803,nonsig
TBXT,TBX15,cd4t_stim48hr,14.694822838529944,nonsig
CILK1,MAPK14,cd4t_stim48hr,3.0901577174663544,nonsig
SEMA4C,SEMA6A,cd4t_stim48hr,2.1693231761455536,nonsig
PTPRF,PTPRC,cd4t_stim48hr,2.0810380578041077,nonsig
RTEL1,BRIP1,cd4t_stim48hr,2.0546972453594208,nonsig
ASXL2,ASXL1,cd4t_stim48hr,2.3974085450172424,nonsig
TBX21,TBX19,cd4t_stim48hr,2.026329286396503,nonsig
CELF2,CELF1,cd4t_stim48hr,4.457763396203518,nonsig
RBM5,RBM10,cd4t_stim48hr,2.3707599192857742,nonsig
LMOD2,TMOD3,cd4t_stim48hr,16.046228267252445,nonsig
UBAP1,UBAP1L,cd4t_stim48hr,2.4997950606048107,nonsig
PCGF2,BMI1,cd4t_stim48hr,2.0311735421419144,nonsig
ST6GALNAC3,ST6GALNAC6,cd4t_stim48hr,2.904621005058289,nonsig
SLC9A4,SLC9A8,cd4t_stim48hr,2.786171667277813,nonsig
NAB1,NAB2,cd4t_stim48hr,2.9396300837397575,nonsig
G3BP2,G3BP1,cd4t_stim48hr,3.106774263083935,nonsig
PPEF1,PPP1CB,cd4t_stim48hr,2.776950109982863,nonsig
HSD17B6,HSD17B11,cd4t_stim48hr,2.5740489438176155,nonsig
TGFB1,GDF11,cd4t_stim48hr,2.6545221311971545,nonsig
CDC42EP5,CDC42EP3,cd4t_stim48hr,3.5829431135207415,nonsig
MAS1L,MRGPRD,cd4t_stim48hr,4.199779622256756,nonsig
SLC12A3,SLC12A6,cd4t_stim48hr,3.066435381770134,nonsig
NSD2,NSD3,cd4t_stim48hr,3.614595200866461,nonsig
RFX3,RFX1,cd4t_stim48hr,4.956953770946711,nonsig
PCGF2,PCGF1,cd4t_stim48hr,4.901873901486397,nonsig
PCGF1,RNF2,cd4t_stim48hr,2.0600284337997437,nonsig
B3GNT3,B3GNT9,cd4t_stim48hr,5.118422977626324,nonsig
HSPA1A,HSPA8,cd4t_stim48hr,4.799673341214657,nonsig
CPO,CPA5,cd4t_stim48hr,2.039202469168231,nonsig
NKX2-6,NKX1-1,cd4t_stim48hr,3.5968053974211216,nonsig
ELMO3,ELMO2,cd4t_stim48hr,2.006179742515087,nonsig
KDM3A,KDM3B,cd4t_stim48hr,2.624108426272869,nonsig
GABPB2,GABPB1,cd4t_stim48hr,7.815063580870628,nonsig
ESPNL,ESPN,cd4t_stim48hr,5.08650179207325,nonsig
TMED3,TMED2,cd4t_stim48hr,2.6078324615955353,nonsig
TMED9,TMED2,cd4t_stim48hr,2.186876155436039,nonsig
DDX55,EIF4A1,cd4t_stim48hr,2.597141455858946,nonsig
PPM1N,ILKAP,cd4t_stim48hr,2.0552349016070366,nonsig
CALR,CANX,cd4t_stim48hr,2.0792930349707603,nonsig
CANX,CALR,cd4t_stim48hr,3.0851055085659027,nonsig
LGALS12,LGALS9,cd4t_stim48hr,2.2725435346364975,nonsig
PRDM5,ZNF850,cd4t_stim48hr,2.5255222246050835,nonsig
CCL18,XCL2,cd4t_stim48hr,3.918172374367714,nonsig
NOX1,CYBB,cd4t_stim48hr,3.2635200954973698,nonsig
ID1,ID2,cd4t_stim48hr,3.2948456406593323,nonsig
MTHFD1,MTHFD1L,cd4t_stim48hr,2.022293120622635,nonsig
CTSS,CTSO,cd4t_stim48hr,3.0509491451084614,nonsig
CLIC5,CLIC1,cd4t_stim48hr,2.271961197257042,nonsig
MFN1,MFN2,cd4t_stim48hr,3.0260491594672203,nonsig
WT1,EGR1,cd4t_stim48hr,2.4738640636205673,nonsig
ABCC9,ABCC1,cd4t_stim48hr,3.3119254782795906,nonsig
SLC7A3,SLC7A7,cd4t_stim48hr,2.056265507824719,nonsig
CPN2,LRG1,cd4t_stim48hr,4.2454219944775105,nonsig
NMNAT2,NMNAT3,cd4t_stim48hr,4.06138351932168,nonsig
REL,NFKB2,cd4t_stim48hr,2.872190222144127,nonsig
EPHB6,EPHA1,cd4t_stim48hr,2.446993261575699,nonsig
LHX2,LHX8,cd4t_stim48hr,2.3173939883708954,nonsig
KLF13,KLF16,cd4t_stim48hr,2.1693139374256134,nonsig
BHLHE41,BHLHE40,cd4t_stim48hr,2.7868459708988667,nonsig
ZFAND1,ZFAND2B,cd4t_stim48hr,2.413202241063118,nonsig
LHX6,LMX1A,cd4t_stim48hr,2.4041661396622658,nonsig
PDIA3,P4HB,cd4t_stim48hr,2.381921738386154,nonsig
PDIA4,P4HB,cd4t_stim48hr,2.896525025367737,nonsig
PDIA6,P4HB,cd4t_stim48hr,3.6098358035087585,nonsig
BIRC3,XIAP,cd4t_stim48hr,2.0355041194707155,nonsig
RGS18,RGS5,cd4t_stim48hr,2.5259024649858475,nonsig
ATP2C1,ATP2A2,cd4t_stim48hr,3.4928482472896576,nonsig
AKIRIN1,AKIRIN2,cd4t_stim48hr,2.7996266037225723,nonsig
NR4A2,NR4A3,cd4t_stim48hr,3.0340057015419006,nonsig
NR4A1,NR4A3,cd4t_stim48hr,3.160981349647045,nonsig
DHX30,DHX9,cd4t_stim48hr,2.1186972185969353,nonsig
YTHDC2,DHX9,cd4t_stim48hr,2.086170330643654,nonsig
SP140L,SP140,cd4t_stim48hr,2.147209458053112,nonsig
IP6K2,IPMK,cd4t_stim48hr,2.147995412349701,nonsig
PTBP2,PTBP1,cd4t_stim48hr,17.197247724980116,nonsig
AMHR2,ACVR1B,cd4t_stim48hr,2.752222552895546,nonsig
GALNT15,GALNT2,cd4t_stim48hr,2.517550252377987,nonsig
GPSM3,GPSM2,cd4t_stim48hr,2.2343346998095512,nonsig
ZNF823,ZNF791,cd4t_stim48hr,2.078744251281023,nonsig
ENTPD4,ENTPD6,cd4t_stim48hr,2.8925901548936963,nonsig
BEST2,BEST1,cd4t_stim48hr,2.426134679466486,nonsig
KCTD9,KCTD5,cd4t_stim48hr,2.7718607243150473,nonsig
TMPRSS11E,PRSS21,cd4t_stim48hr,4.846735246479511,nonsig
STAT5A,STAT3,cd4t_stim48hr,3.224404349923134,nonsig
ATP6V1A,ATP5F1B,cd4t_stim48hr,2.196677688509226,nonsig
SEMA3D,SEMA4F,cd4t_stim48hr,3.2657560259103775,nonsig
CXCL2,CXCL11,cd4t_stim48hr,2.5946524143218994,nonsig
SCN2B,MPZL3,cd4t_stim48hr,2.14209689386189,nonsig
TNPO2,TNPO1,cd4t_stim48hr,11.81206652149558,nonsig
LHX5,LHX6,cd4t_stim48hr,2.257000859826803,nonsig
CXCL1,CXCL10,cd4t_stim48hr,22.39364792779088,nonsig
CXCL3,CXCL11,cd4t_stim48hr,2.153824657201767,nonsig
MCF2,MCF2L2,cd4t_stim48hr,2.3100140106398612,nonsig
RFX2,RFX1,cd4t_stim48hr,5.014073934406042,nonsig
SP3,SP1,cd4t_stim48hr,2.298723116517067,nonsig
ZNF479,ZNF253,cd4t_stim48hr,12.656892893835902,nonsig
HOXA3,HOXB2,cd4t_stim48hr,5.6971216425299644,nonsig
BMAL1,ARNT,cd4t_stim48hr,4.837405629456043,nonsig
ACSM2A,AACS,cd4t_stim48hr,2.595243059098721,nonsig
CERS2,CERS6,cd4t_stim48hr,2.4877577871084213,nonsig
UBE2F,UBE2T,cd4t_stim48hr,2.923799529671669,nonsig
CHD5,CHD4,cd4t_stim48hr,7.2700640596449375,nonsig
CHD4,SMARCA5,cd4t_stim48hr,4.939346373081207,nonsig
CHD3,CHD4,cd4t_stim48hr,2.6616024374961853,nonsig
ZNF148,ZNF281,cd4t_stim48hr,3.470781311392784,nonsig
TRIM71,TRIM3,cd4t_stim48hr,2.005775570869446,nonsig
SLC44A5,SLC44A2,cd4t_stim48hr,3.870649605989456,nonsig
GALNT16,GALNT7,cd4t_stim48hr,3.227522626519203,nonsig
FGFR4,NTRK1,cd4t_stim48hr,2.011225387454033,nonsig
KPNA4,KPNA6,cd4t_stim48hr,2.650519102811814,nonsig
ATF5,ATF4,cd4t_stim48hr,2.443561479449272,nonsig
ZNF160,ZNF574,cd4t_stim48hr,2.9633820429444313,nonsig
ZNF497,ZNF574,cd4t_stim48hr,2.7382595241069794,nonsig
ZNF181,ZNF574,cd4t_stim48hr,2.036181718111038,nonsig
ACSM1,ACSM3,cd4t_stim48hr,2.6097585558891296,nonsig
CREM,CREB1,cd4t_stim48hr,2.5107400119304657,nonsig
HNRNPA3,HNRNPA1,cd4t_stim48hr,10.54960173368454,nonsig
HNRNPA2B1,HNRNPA1,cd4t_stim48hr,5.737100727856159,nonsig
TXNDC9,PDCL3,cd4t_stim48hr,2.630529567599297,nonsig
TFCP2L1,UBP1,cd4t_stim48hr,3.7639414593577385,nonsig
MAP4K1,STK3,cd4t_stim48hr,3.468682286329567,nonsig
HSP90AA1,HSP90AB1,cd4t_stim48hr,3.826768711209297,nonsig
TOR1B,TOR1A,cd4t_stim48hr,3.0248826518654823,nonsig
SHC4,SHC1,cd4t_stim48hr,2.7401462346315384,nonsig
USP20,USP22,cd4t_stim48hr,2.9374351520091295,nonsig
APH1B,APH1A,cd4t_stim48hr,2.4414185332134366,nonsig
ZNF202,ZKSCAN2,cd4t_stim48hr,3.2602614015340805,nonsig
AP1G1,AP2A1,cd4t_stim48hr,2.051039459183812,nonsig
CTDSPL2,CTDSPL,cd4t_stim48hr,2.7103439308702946,nonsig
CYP3A4,CYP3A5,cd4t_stim48hr,2.7485596891492605,nonsig
TXNRD3,DLD,cd4t_stim48hr,3.10558257997036,nonsig
ENPP1,ENPP3,cd4t_stim48hr,2.4931701123714447,nonsig
SLC2A4,SLC2A14,cd4t_stim48hr,3.855559343472123,nonsig
SKI,SKOR1,cd4t_stim48hr,2.8535653576254845,nonsig
TBXA2R,PTGDR,cd4t_stim48hr,2.411943331360817,nonsig
PTGER2,TBXA2R,cd4t_stim48hr,2.2339614778757095,nonsig
CXCL5,CXCL3,cd4t_stim48hr,2.05990070104599,nonsig
HOXA10,HOXB5,cd4t_stim48hr,2.1835491959936917,nonsig
PCGF5,PCGF3,cd4t_stim48hr,2.3861652314662933,nonsig
ANP32D,ANP32B,cd4t_stim48hr,3.42820077057695,nonsig
PHF13,PHF23,cd4t_stim48hr,2.06269296631217,nonsig
WIPF3,WIPF1,cd4t_stim48hr,4.018985025584698,nonsig
LRRC7,LRRC1,cd4t_stim48hr,2.9990241192281246,nonsig
SLC25A41,SLC25A6,cd4t_stim48hr,2.3362446911633015,nonsig
RGS8,RGS3,cd4t_stim48hr,2.101750560104847,nonsig
ATOH1,NEUROG2,cd4t_stim48hr,4.120890744030476,nonsig
CAMK2A,CAMK2G,cd4t_stim48hr,2.9517016001045704,nonsig
IRF9,IRF4,cd4t_stim48hr,2.5755900517106056,nonsig
DHX33,DHX38,cd4t_stim48hr,2.57547590136528,nonsig
CES5A,CES3,cd4t_stim48hr,2.298190638422966,nonsig
KCNU1,KCNMA1,cd4t_stim48hr,8.259078185074031,nonsig
YPEL5,YPEL2,cd4t_stim48hr,2.056497924029827,nonsig
EML6,EML3,cd4t_stim48hr,3.2405448630452156,nonsig
PAK3,STK3,cd4t_stim48hr,2.326494038105011,nonsig
PTPRE,PTPRC,cd4t_stim48hr,3.205947570502758,nonsig
CLTA,CLTB,cd4t_stim48hr,2.2593707144260406,nonsig
HPGDS,GSTP1,cd4t_stim48hr,2.390142947435379,nonsig
TMED4,TMED9,cd4t_stim48hr,2.383857972919941,nonsig
SCAMP2,SCAMP4,cd4t_stim48hr,2.36128406226635,nonsig
HNRNPDL,HNRNPAB,cd4t_stim48hr,4.3656430803239346,nonsig
ABCC12,ABCC2,cd4t_stim48hr,7.167043345049024,nonsig
SLCO2A1,SLCO3A1,cd4t_stim48hr,2.4024618519470096,nonsig
PLXND1,PLXNA4,cd4t_stim48hr,2.159378442913294,nonsig
PLXNA2,PLXNA4,cd4t_stim48hr,2.0467824088409543,nonsig
NECTIN4,NECTIN2,cd4t_stim48hr,3.091128349304199,nonsig
ARPC1A,ARPC1B,cd4t_stim48hr,2.091890327632427,nonsig
INAVA,CCDC120,cd4t_stim48hr,3.7928016893565655,nonsig
ZNF442,ZNF57,cd4t_stim48hr,3.2087807562202215,nonsig
CSNK1A1,VRK1,cd4t_stim48hr,2.467768296599388,nonsig
AR,PGR,cd4t_stim48hr,2.776821929961443,nonsig
CA8,CA14,cd4t_stim48hr,5.025084067136049,nonsig
FAP,DPP8,cd4t_stim48hr,2.8536642901599407,nonsig
RAB11FIP4,RAB11FIP3,cd4t_stim48hr,2.506511624902487,nonsig
IQGAP3,IQGAP2,cd4t_stim48hr,4.0525237382389605,nonsig
IQGAP1,IQGAP2,cd4t_stim48hr,2.3856188282370567,nonsig
GADL1,HDC,cd4t_stim48hr,3.1406765580177307,nonsig
NR1I3,NR1I2,cd4t_stim48hr,3.1128765046596527,nonsig
ZDHHC7,ZDHHC3,cd4t_stim48hr,2.730580046772957,nonsig
ISG20,AEN,cd4t_stim48hr,2.430998221039772,nonsig
ADAM17,ADAM10,cd4t_stim48hr,2.4225141182541847,nonsig
UBC,UBB,cd4t_stim48hr,2.435078538954258,nonsig
UBB,UBC,cd4t_stim48hr,7.232733562588692,nonsig
PDE8B,PDE1B,cd4t_stim48hr,2.232887946069241,nonsig
ZNF446,ZSCAN32,cd4t_stim48hr,2.1528283208608627,nonsig
CA3,CA7,cd4t_stim48hr,2.4640902876853943,nonsig
AP2S1,AP4S1,cd4t_stim48hr,2.8681395277380943,nonsig
AKT1,PDPK1,cd4t_stim48hr,3.5185153000056744,nonsig
ELL3,ELL,cd4t_stim48hr,4.453742131590843,nonsig
RHOF,RHOH,cd4t_stim48hr,2.053000286221504,nonsig
AVPR1B,GPR150,cd4t_stim48hr,2.0500955507159233,nonsig
DHX37,DHX40,cd4t_stim48hr,2.5360561087727547,nonsig
TMEM63C,TMEM63A,cd4t_stim48hr,2.007471725344658,nonsig
SNRK,SIK3,cd4t_stim48hr,2.043243454536423,nonsig
HIGD1C,HIGD1A,cd4t_stim48hr,7.498515101149678,nonsig
SETD5,KMT2E,cd4t_stim48hr,3.147823389619589,nonsig
NUAK1,SNRK,cd4t_stim48hr,3.120799668133259,nonsig
NUAK1,SIK2,cd4t_stim48hr,2.1900101974606514,nonsig
STX2,STX12,cd4t_stim48hr,3.302725039422512,nonsig
PITX1,ALX4,cd4t_stim48hr,5.131855666637421,nonsig
BMP10,BMP8B,cd4t_stim48hr,2.3017086423933506,nonsig
PTGDR,PTGER3,cd4t_stim48hr,2.678624715656042,nonsig
CTBP2,CTBP1,cd4t_stim48hr,2.13460124284029,nonsig
SIGLEC14,SIGLEC9,cd4t_stim48hr,2.247890092432499,nonsig
TTYH1,TTYH3,cd4t_stim48hr,2.229978771880269,nonsig
FUS,TAF15,cd4t_stim48hr,2.1225323006510735,nonsig
PTK2B,ZAP70,cd4t_stim48hr,7.508248835802078,nonsig
GALNT5,GALNT7,cd4t_stim48hr,2.7136483006179333,nonsig
GAD2,GAD1,cd4t_stim48hr,7.920047677063849,nonsig
PDE2A,PDE5A,cd4t_stim48hr,2.302378684282303,nonsig
PPARG,NR1H2,cd4t_stim48hr,2.4991370737552643,nonsig
HECTD4,HERC2,cd4t_stim48hr,3.0618995279073715,nonsig
CMPK1,AK3,cd4t_stim48hr,2.689004018902778,nonsig
ZNF446,ZSCAN1,cd4t_stim48hr,2.21139632165432,nonsig
HNRNPDL,HNRNPD,cd4t_stim48hr,4.3933129869401455,nonsig
TXNRD3,TXNRD1,cd4t_stim48hr,2.4435828775167465,nonsig
GALNT5,GALNT12,cd4t_stim48hr,4.411152582615614,nonsig
NR2F1,NR2E1,cd4t_stim48hr,4.948012395761907,nonsig
DPEP3,DPEP2,cd4t_stim48hr,3.565845489501953,nonsig
SRPK2,MAPK14,cd4t_stim48hr,2.49115770123899,nonsig
IRF8,IRF4,cd4t_stim48hr,2.903872102499008,nonsig
LCMT2,LCMT1,cd4t_stim48hr,2.0834204759448767,nonsig
PRKAR2B,PRKAR1A,cd4t_stim48hr,5.826538726687431,nonsig
PSMC6,PSMC5,cd4t_stim48hr,2.1470405608415604,nonsig
DNAH17,DYNC2H1,cd4t_stim48hr,2.5388998426496983,nonsig
KLF1,KLF7,cd4t_stim48hr,2.409147471189499,nonsig
PLIN1,PLIN3,cd4t_stim48hr,2.052139975130558,nonsig
P2RX3,P2RX5,cd4t_stim48hr,2.5300938710570335,nonsig
DRD3,CHRM4,cd4t_stim48hr,2.4488142114132643,nonsig
RAD51C,RAD51D,cd4t_stim48hr,4.273478448390961,nonsig
RASA4B,RASA2,cd4t_stim48hr,2.512040360365063,nonsig
PPIL6,PPIB,cd4t_stim48hr,2.276755854487419,nonsig
ZNF844,ZNF101,cd4t_stim48hr,5.047300977632403,nonsig
ZNF878,ZNF57,cd4t_stim48hr,2.064895413815975,nonsig
ZNF497,ZBTB24,cd4t_stim48hr,2.1413848102092743,nonsig
BCL2A1,BAX,cd4t_stim48hr,2.7860269993543625,nonsig
HNRNPUL1,HNRNPU,cd4t_stim48hr,7.476175758987665,nonsig
RGMA,RGMB,cd4t_stim48hr,2.2512205839157104,nonsig
MDM2,MDM4,cd4t_stim48hr,3.748874932527542,nonsig
SLCO2B1,SLCO3A1,cd4t_stim48hr,2.8531571915373206,nonsig
ZNF100,ZNF114,cd4t_stim48hr,2.01475178450346,nonsig
MYO1D,MYO19,cd4t_stim48hr,2.394961583428085,nonsig
ACTA1,ACTR3C,cd4t_stim48hr,5.069344222545624,nonsig
STAT1,STAT5B,cd4t_stim48hr,3.9474909268319607,nonsig
STAT2,STAT5B,cd4t_stim48hr,3.821471083909273,nonsig
STAT3,STAT5B,cd4t_stim48hr,3.7196525633335114,nonsig
POU5F1B,POU1F1,cd4t_stim48hr,2.5554611943662167,nonsig
CD3D,CD3E,cd4t_stim48hr,3.699150025844574,nonsig
CD3E,CD3D,cd4t_stim48hr,4.835043728351593,nonsig
YTHDF3,YTHDF2,cd4t_stim48hr,2.784281922504306,nonsig
CYTH3,CYTH1,cd4t_stim48hr,2.4930411353707314,nonsig
RASSF1,RASSF5,cd4t_stim48hr,2.6296113207936287,nonsig
KLF10,KLF13,cd4t_stim48hr,2.0642208717763424,nonsig
MEF2C,MEF2A,cd4t_stim48hr,2.2951406463980675,nonsig
HOXC5,HOXD9,cd4t_stim48hr,2.143306702375412,nonsig
HOXD9,HOXB8,cd4t_stim48hr,2.9205055460333824,nonsig
HOXC8,HOXD8,cd4t_stim48hr,2.7918400187045336,nonsig
HOXD8,HOXB4,cd4t_stim48hr,7.1893593611894175,nonsig
HOXC5,HOXD1,cd4t_stim48hr,2.2632472217082977,nonsig
FUBP1,KHSRP,cd4t_stim48hr,4.103304900228977,nonsig
ZC3H12D,ZC3H12C,cd4t_stim48hr,2.588985485956073,nonsig
TSPAN13,TSPAN4,cd4t_stim48hr,3.50272485613823,nonsig
ZNF496,ZKSCAN2,cd4t_stim48hr,2.441160622984171,nonsig
DARS1,DARS2,cd4t_stim48hr,3.2135786563158035,nonsig
USF2,USF1,cd4t_stim48hr,2.2391447350382805,nonsig
LDHAL6A,LDHA,cd4t_stim48hr,2.395311161875725,nonsig
BMAL2,ARNT,cd4t_stim48hr,2.8721162443980575,nonsig
HNRNPA3,HNRNPA2B1,cd4t_stim48hr,5.6931344866752625,nonsig
MAST3,SGK3,cd4t_stim48hr,2.163009136915207,nonsig
FGB,ANGPT2,cd4t_stim48hr,2.0293253548443317,nonsig
HDAC4,HDAC5,cd4t_stim48hr,2.826825879514218,nonsig
GSR,TXNRD1,cd4t_stim48hr,2.465766042470932,nonsig
STAT2,STAT3,cd4t_stim48hr,2.579661477357149,nonsig
TMED3,TMED4,cd4t_stim48hr,2.975296288728714,nonsig
JAK3,LCK,cd4t_stim48hr,2.8079174757003784,nonsig
KAT6A,KAT7,cd4t_stim48hr,2.836523012025282,nonsig
CLK1,CLK3,cd4t_stim48hr,2.0216097310185432,nonsig
ATP13A5,ATP13A3,cd4t_stim48hr,2.319016259163618,nonsig
SPSB4,SPSB3,cd4t_stim48hr,6.0827231392031536,nonsig
STXBP2,VPS45,cd4t_stim48hr,3.7097785770893097,nonsig
GBP4,GBP5,cd4t_stim48hr,2.5821897611021996,nonsig
DUSP3,DUSP12,cd4t_stim48hr,2.752449903637171,nonsig
DHX33,DHX40,cd4t_stim48hr,2.2518772780895233,nonsig
CACNA1C,SCN8A,cd4t_stim48hr,2.153182378271594,nonsig
SCN5A,SCN8A,cd4t_stim48hr,3.499967124313116,nonsig
DHX34,DHX40,cd4t_stim48hr,2.2663754299283028,nonsig
AKT3,PDPK1,cd4t_stim48hr,2.8896028995513916,nonsig
PDIA3,PDIA6,cd4t_stim48hr,3.1539539992809296,nonsig
ATP4A,ATP2B1,cd4t_stim48hr,7.995227925479412,nonsig
OTUD7A,TNFAIP3,cd4t_stim48hr,2.6347364112734795,nonsig
SMARCA5,CHD2,cd4t_stim48hr,2.325670048594475,nonsig
SOX8,SOX2,cd4t_stim48hr,3.638736419379711,nonsig
C1QTNF8,C1QA,cd4t_stim48hr,4.815901026129723,nonsig
ZC3H6,ZC3H4,cd4t_stim48hr,3.1404466456733644,nonsig
TPD52L1,TPD52,cd4t_stim48hr,2.3485027700662613,nonsig
RHOV,RHOBTB2,cd4t_stim48hr,2.1907828599214554,nonsig
SCN9A,CACNA1E,cd4t_stim48hr,2.4335265457630157,nonsig
ADORA1,ADORA2B,cd4t_stim48hr,8.436304487287998,nonsig
RASGRP4,RASGRP1,cd4t_stim48hr,2.234240010380745,nonsig
FCGR1A,FCGR2B,cd4t_stim48hr,2.9833371341228485,nonsig
CSMD1,CSMD2,cd4t_stim48hr,10.119725115597248,nonsig
JUP,CTNNB1,cd4t_stim48hr,2.1073054522275925,nonsig
SCAMP5,SCAMP4,cd4t_stim48hr,2.8161821886897087,nonsig
STAT4,STAT6,cd4t_stim48hr,2.343936711549759,nonsig
STAT6,STAT3,cd4t_stim48hr,3.149586834013462,nonsig
TMEM87B,TMEM87A,cd4t_stim48hr,3.1208551549352705,nonsig
MEIS2,MEIS3,cd4t_stim48hr,3.108663290739059,nonsig
ZNF572,ZBTB17,cd4t_stim48hr,2.912210401147604,nonsig
GOLGA8M,GOLGA8N,cd4t_stim48hr,4.689430398284458,nonsig
SLC38A2,SLC38A1,cd4t_stim48hr,2.0536673963069916,nonsig
SLC38A1,SLC38A2,cd4t_stim48hr,2.18461149930954,nonsig
CCNT2,CCNT1,cd4t_stim48hr,2.9447319880127907,nonsig
S100A12,S100A6,cd4t_stim48hr,6.088336423039436,nonsig
S100A3,S100A12,cd4t_stim48hr,2.090518444776535,nonsig
S100A14,S100A1,cd4t_stim48hr,3.949794124811888,nonsig
STAT1,STAT3,cd4t_stim48hr,5.892735954374075,nonsig
STAT4,STAT3,cd4t_stim48hr,3.220108300447464,nonsig
ETV3,ERF,cd4t_stim48hr,2.826637752354145,nonsig
AZIN1,ODC1,cd4t_stim48hr,3.141007736325264,nonsig
RYR2,RYR1,cd4t_stim48hr,2.9605328142642975,nonsig
LRP4,LDLR,cd4t_stim48hr,3.28550323843956,nonsig
SEMA6B,SEMA4A,cd4t_stim48hr,4.000503398478031,nonsig
PUM1,PUM2,cd4t_stim48hr,2.346957318484783,nonsig
PUM2,PUM1,cd4t_stim48hr,5.0748696736991405,nonsig
FTH1,FTL,cd4t_stim48hr,2.019779458642006,nonsig
FZD5,FZD6,cd4t_stim48hr,2.233372464776039,nonsig
THRA,RARA,cd4t_stim48hr,2.2242708392441273,nonsig
POU3F1,POU5F1B,cd4t_stim48hr,2.7432784736156464,nonsig
SEMA3F,SEMA4F,cd4t_stim48hr,2.40423596650362,nonsig
SLAMF6,SLAMF1,cd4t_stim48hr,3.5967957116663456,nonsig
BIRC7,XIAP,neuron,5.424314171075821,nonsig
PCDH20,PCDH1,neuron,3.1353370547294617,nonsig
FGD3,FGD4,neuron,2.247083067893982,nonsig
CNTNAP4,CNTNAP2,neuron,2.157471001148224,nonsig
PON1,PON2,neuron,2.6588134169578552,nonsig
HSPA2,HSPA5,neuron,2.5593611896038055,nonsig
DNAH5,DYNC1H1,neuron,2.0546416640281677,nonsig
DNAH10,DYNC1H1,neuron,2.9273794889450073,nonsig
OSBP2,OSBPL6,neuron,3.5147613286972046,nonsig
RDX,FRMD4A,neuron,2.820067048072815,nonsig
RGS21,RGS2,neuron,7.106167703866959,nonsig
REEP1,REEP2,neuron,3.10782653093338,nonsig
KIF1C,KIF1B,neuron,3.64836660027504,nonsig
RGS13,RGS2,neuron,2.202566981315613,nonsig
